Cluster_size,new_trigger,type1,type2
17969,257,1372,16340
15438,181,514,14743
14505,622,937,12946
13897,694,1091,12112
10050,28,3574,6448
8703,247,1317,7139
8703,479,1551,6673
7659,187,919,6553
7347,13,273,7061
6963,13,666,6284
6706,212,581,5913
6677,66,299,6312
6637,21,2502,4114
6085,35,2904,3146
5702,19,1550,4133
5054,24,2615,2415
4629,390,336,3903
4582,17,278,4287
4223,43,181,3999
4222,17,2021,2184
4133,67,3807,259
4120,37,1622,2461
3927,237,354,3336
3926,79,901,2946
3914,13,1567,2334
3862,28,87,3747
3854,161,292,3401
3823,147,300,3376
3786,21,1488,2277
3516,130,736,2650
3447,12,694,2741
3336,64,1593,1679
3203,216,327,2660
3086,104,175,2807
3083,39,687,2357
3077,107,407,2563
2963,62,2254,647
2925,39,1305,1581
2896,259,279,2358
2844,14,1073,1757
2815,28,1258,1529
2764,129,168,2467
2755,233,243,2279
2672,20,138,2514
2648,10,73,2565
2628,55,302,2271
2627,102,184,2341
2574,14,281,2279
2566,89,508,1969
2522,55,457,2010
2510,13,34,2463
2473,29,48,2396
2471,40,652,1779
2471,9,30,2432
2441,97,146,2198
2421,152,263,2006
2405,104,352,1949
2403,20,45,2338
2373,18,65,2290
2373,29,730,1614
2321,4,21,2296
2258,8,31,2219
2200,17,70,2113
2195,132,189,1874
2181,173,225,1783
2163,21,106,2036
2142,27,756,1359
2136,25,572,1539
2105,93,201,1811
2083,44,136,1903
2038,14,279,1745
2024,18,822,1184
2011,83,387,1541
1966,10,168,1788
1957,16,193,1748
1924,3,27,1894
1921,70,1766,85
1871,37,93,1741
1870,91,140,1639
1836,11,617,1208
1784,20,101,1663
1774,114,377,1283
1771,55,204,1512
1751,3,35,1713
1745,1,247,1497
1714,80,114,1520
1713,11,59,1643
1668,85,170,1413
1654,91,160,1403
1650,132,206,1312
1643,75,1294,274
1637,17,100,1520
1635,102,117,1416
1633,66,132,1435
1623,94,459,1070
1606,130,204,1272
1590,138,271,1181
1584,2,129,1453
1580,8,675,897
1551,15,253,1283
1547,139,174,1234
1532,21,323,1188
1494,24,677,793
1458,63,253,1142
1447,12,603,832
1447,11,96,1340
1436,9,540,887
1434,2,118,1314
1425,3,15,1407
1402,195,245,962
1402,88,250,1064
1398,70,1198,130
1394,1,136,1257
1370,38,292,1040
1357,117,92,1148
1347,124,116,1107
1327,18,354,955
1316,46,145,1125
1308,1,83,1224
1272,23,110,1139
1268,61,420,787
1260,133,104,1023
1259,4,61,1194
1258,71,381,806
1253,30,369,854
1232,7,128,1097
1222,207,180,835
1211,39,402,770
1199,2,343,854
1196,6,394,796
1194,174,378,642
1194,16,115,1063
1191,78,274,839
1179,64,990,125
1176,11,600,565
1176,15,70,1091
1169,22,102,1045
1166,132,126,908
1158,5,149,1004
1131,52,172,907
1128,32,236,860
1122,58,1001,63
1118,53,398,667
1118,30,271,817
1098,66,949,83
1090,76,205,809
1069,102,131,836
1058,6,146,906
1058,9,123,926
1057,9,554,494
1041,7,463,571
1040,24,148,868
1035,6,39,990
1012,3,89,920
1004,5,137,862
995,10,373,612
990,114,114,762
990,40,62,888
978,51,101,826
968,48,132,788
966,3,464,499
965,21,75,869
959,71,95,793
954,159,96,699
949,19,52,878
948,108,95,745
940,21,169,750
936,169,261,506
930,50,58,822
928,35,142,751
916,2,434,480
914,1,70,843
914,3,28,883
906,1,63,842
906,8,28,870
906,1,21,884
906,9,123,774
905,35,79,791
903,201,213,489
894,7,149,738
892,60,792,40
887,2,80,805
885,67,778,40
878,52,93,733
861,197,86,578
859,117,209,533
858,12,44,802
856,4,311,541
855,1,55,799
847,95,103,649
847,2,0,845
844,5,116,723
834,20,277,537
823,129,352,342
818,87,192,539
814,49,110,655
808,8,66,734
804,8,94,702
800,23,157,620
795,56,88,651
787,43,216,528
768,22,148,598
767,194,253,320
765,138,333,294
763,11,153,599
760,33,364,363
755,12,192,551
754,89,214,451
754,39,244,471
751,69,90,592
744,34,101,609
734,17,246,471
731,4,113,614
728,53,156,519
726,55,60,611
722,6,100,616
721,15,79,627
716,90,78,548
709,12,87,610
708,1,124,583
704,4,155,545
700,25,68,607
696,6,290,400
693,5,181,507
690,95,202,393
686,66,87,533
680,10,47,623
679,17,176,486
678,35,118,525
667,88,90,489
667,23,98,546
662,37,29,596
660,59,474,127
649,4,152,493
628,120,89,419
624,30,114,480
624,38,132,454
621,19,46,556
615,67,85,463
612,180,78,354
611,4,181,426
611,141,139,331
610,18,268,324
610,3,153,454
609,36,106,467
607,4,286,317
603,102,254,247
603,7,71,525
600,72,220,308
599,19,82,498
597,6,174,417
596,5,242,349
593,49,85,459
590,32,397,161
588,10,124,454
588,36,272,280
588,33,61,494
585,3,22,560
584,11,211,362
581,4,235,342
579,13,168,398
577,29,202,346
576,14,286,276
574,36,218,320
571,18,99,454
570,15,248,307
566,60,86,420
564,10,234,320
564,49,165,350
563,1,36,526
561,1,63,497
560,29,136,395
558,21,261,276
555,3,20,532
554,47,79,428
553,27,253,273
552,56,91,405
550,3,256,291
549,27,406,116
549,14,71,464
547,56,448,43
545,38,197,310
543,13,33,497
542,13,93,436
540,8,363,169
538,16,95,427
534,33,169,332
528,48,241,239
526,7,54,465
524,2,57,465
523,8,53,462
521,68,244,209
520,3,90,427
513,6,364,143
511,13,234,264
511,61,47,403
508,16,34,458
506,32,233,241
505,55,119,331
502,2,30,470
502,27,108,367
501,49,95,357
498,38,171,289
498,10,90,398
494,76,401,17
492,55,238,199
492,38,134,320
491,106,82,303
488,82,32,374
486,2,107,377
481,2,216,263
480,4,47,429
478,5,107,366
476,62,369,45
475,52,359,64
475,2,148,325
474,3,139,332
468,4,58,406
466,3,210,253
465,58,51,356
463,21,137,305
463,40,12,411
462,33,41,388
461,87,49,325
460,7,189,264
458,47,236,175
457,3,73,381
456,142,65,249
446,85,132,229
446,3,56,387
444,25,38,381
442,6,256,180
441,55,34,352
439,88,266,85
437,2,11,424
433,18,279,136
431,7,89,335
429,84,60,285
428,1,209,218
424,39,109,276
424,5,11,408
424,4,76,344
423,53,205,165
422,5,207,210
421,3,118,300
419,12,59,348
418,7,66,345
414,71,43,300
412,13,62,337
412,6,22,384
411,65,55,291
408,19,179,210
408,2,100,306
407,18,144,245
407,16,176,215
403,55,331,17
400,77,69,254
397,33,334,30
397,34,23,340
395,8,68,319
393,24,110,259
393,17,177,199
393,31,115,247
390,7,62,321
389,47,307,35
389,33,29,327
385,4,100,281
382,32,75,275
382,10,41,331
379,69,101,209
379,77,63,239
378,12,176,190
376,10,153,213
375,4,366,5
374,36,122,216
374,11,92,271
372,3,149,220
372,50,67,255
371,33,95,243
368,46,64,258
367,32,47,288
365,23,140,202
364,14,160,190
363,8,52,303
362,11,155,196
361,84,85,192
359,55,226,78
355,46,49,260
353,45,281,27
351,3,55,293
351,21,304,26
350,2,301,47
349,75,31,243
349,7,81,261
345,61,274,10
344,13,243,88
343,310,33,0
343,5,6,332
341,30,51,260
339,15,13,311
337,7,249,81
336,23,311,2
336,6,326,4
335,50,241,44
335,3,12,320
332,21,311,0
332,3,99,230
332,10,272,50
330,15,254,61
328,5,124,199
327,2,203,122
327,52,258,17
327,11,103,213
327,1,171,155
322,36,47,239
319,6,141,172
318,9,131,178
317,1,21,295
316,35,238,43
314,48,247,19
313,29,65,219
313,49,227,37
313,9,28,276
313,2,134,177
312,28,94,190
312,52,249,11
312,7,213,92
312,12,10,290
311,1,309,1
309,63,235,11
309,5,24,280
308,81,55,172
307,14,292,1
307,42,57,208
307,57,182,68
305,33,257,15
305,48,253,4
305,26,89,190
303,59,242,2
302,18,38,246
302,5,67,230
302,6,29,267
301,8,28,265
301,35,99,167
301,6,14,281
300,56,231,13
300,62,45,193
299,51,241,7
298,52,238,8
298,34,129,135
298,21,190,87
295,9,46,240
294,10,105,179
294,18,275,1
293,48,240,5
289,59,225,5
287,52,231,4
287,2,106,179
286,52,231,3
284,10,134,140
284,51,204,29
282,8,98,176
281,15,44,222
279,64,207,8
279,25,236,18
277,27,98,152
274,2,239,33
274,62,205,7
274,25,234,15
273,55,102,116
272,79,188,5
271,2,104,165
269,41,225,3
269,32,58,179
269,44,218,7
268,75,156,37
267,7,58,202
265,44,217,4
264,54,207,3
261,45,210,6
260,9,139,112
259,15,56,188
258,9,116,133
257,59,189,9
257,49,206,2
257,4,47,206
257,14,128,115
257,10,104,143
256,2,150,104
256,12,135,109
256,5,8,243
255,6,18,231
255,3,8,244
255,17,149,89
254,3,122,129
254,4,74,176
254,20,228,6
254,22,156,76
251,109,75,67
251,22,133,96
251,30,144,77
248,1,246,1
248,8,239,1
246,24,219,3
245,20,202,23
245,2,239,4
244,133,41,70
242,66,149,27
242,25,198,19
240,4,17,219
240,6,216,18
240,4,10,226
238,13,133,92
237,5,211,21
237,48,66,123
236,6,179,51
236,4,222,10
235,63,168,4
235,4,44,187
235,5,17,213
234,4,229,1
234,1,6,227
234,5,20,209
233,7,112,114
231,1,230,0
231,9,11,211
229,60,167,2
229,85,118,26
229,13,204,12
228,41,182,5
228,10,40,178
228,1,107,120
226,4,57,165
225,7,5,213
225,5,11,209
223,33,165,25
223,49,163,11
222,4,87,131
222,4,5,213
221,9,27,185
221,38,182,1
220,28,117,75
219,1,2,216
219,7,136,76
219,19,97,103
219,8,60,151
218,9,202,7
218,12,165,41
217,5,21,191
216,23,75,118
215,2,201,12
215,17,61,137
213,23,144,46
212,47,157,8
210,1,13,196
209,60,144,5
209,56,147,6
208,116,69,23
208,6,33,169
208,6,96,106
208,61,121,26
206,3,112,91
206,21,109,76
205,11,167,27
205,60,136,9
205,75,42,88
203,2,95,106
203,3,27,173
203,15,27,161
203,15,86,102
203,11,136,56
203,6,119,78
202,11,180,11
200,58,133,9
200,1,41,158
200,5,66,129
199,2,97,100
199,19,137,43
198,65,127,6
197,4,166,27
197,47,99,51
197,6,45,146
196,1,41,154
195,15,76,104
195,20,163,12
195,19,98,78
194,6,171,17
194,38,144,12
192,12,179,1
192,63,125,4
191,48,134,9
191,10,168,13
190,1,72,117
190,3,151,36
190,59,106,25
189,6,111,72
189,10,19,160
187,2,37,148
187,33,120,34
187,20,123,44
186,37,47,102
186,12,162,12
185,20,84,81
184,29,152,3
184,18,134,32
183,46,130,7
181,39,117,25
181,5,174,2
181,3,106,72
181,15,142,24
181,15,137,29
180,92,79,9
179,1,88,90
178,23,122,33
178,10,98,70
177,9,110,58
177,46,126,5
177,38,94,45
177,7,30,140
177,36,130,11
173,4,8,161
171,2,21,148
170,86,56,28
170,3,87,80
169,21,93,55
169,7,161,1
168,7,129,32
167,32,122,13
167,9,132,26
166,24,138,4
166,27,17,122
165,8,121,36
165,4,68,93
164,56,98,10
164,8,30,126
164,14,27,123
164,1,1,162
163,16,116,31
162,13,138,11
162,24,136,2
162,37,108,17
162,5,31,126
161,52,45,64
161,9,147,5
160,43,111,6
160,33,104,23
160,33,117,10
159,14,37,108
159,49,108,2
159,8,140,11
159,13,57,89
159,10,43,106
158,4,49,105
158,30,118,10
158,22,57,79
158,32,90,36
157,16,50,91
157,5,16,136
157,9,57,91
157,7,81,69
156,1,57,98
156,6,149,1
155,43,112,0
155,44,105,6
155,77,59,19
154,50,86,18
154,4,144,6
153,15,34,104
153,6,84,63
152,22,121,9
151,5,128,18
151,7,19,125
151,2,29,120
151,24,121,6
150,12,43,95
150,5,143,2
150,4,36,110
150,49,98,3
149,37,96,16
149,37,105,7
149,9,35,105
148,15,128,5
148,13,47,88
148,3,45,100
147,5,94,48
146,1,139,6
146,10,127,9
146,43,94,9
145,30,86,29
145,14,81,50
144,4,120,20
144,47,29,68
144,11,107,26
144,5,89,50
144,6,42,96
143,75,55,13
142,1,141,0
142,32,107,3
142,10,35,97
142,3,14,125
141,7,126,8
141,36,101,4
141,38,94,9
141,25,114,2
141,2,129,10
141,12,41,88
141,10,125,6
141,12,22,107
141,3,137,1
141,9,113,19
140,53,63,24
140,9,130,1
140,25,73,42
140,2,128,10
140,5,114,21
139,21,103,15
139,47,91,1
139,29,102,8
138,50,79,9
138,45,93,0
138,5,108,25
137,3,132,2
137,14,40,83
137,7,7,123
137,1,136,0
137,23,99,15
137,13,119,5
137,19,60,58
137,1,36,100
136,41,92,3
136,1,135,0
134,11,12,111
133,4,30,99
132,1,125,6
131,7,70,54
131,33,83,15
131,5,19,107
131,12,23,96
131,3,35,93
130,12,22,96
129,3,7,119
128,2,100,26
128,6,120,2
128,4,115,9
128,6,51,71
127,6,105,16
126,42,83,1
126,20,88,18
126,3,3,120
125,1,82,42
125,4,24,97
125,32,69,24
125,20,101,4
124,2,88,34
124,7,72,45
122,2,7,113
122,6,114,2
121,8,14,99
121,43,73,5
121,12,95,14
121,2,69,50
121,4,114,3
120,35,81,4
120,30,66,24
120,4,48,68
120,14,103,3
119,18,97,4
119,42,73,4
119,8,8,103
118,13,32,73
118,6,87,25
117,32,68,17
116,50,56,10
116,10,24,82
116,31,41,44
116,38,72,6
116,9,98,9
115,7,17,91
115,35,78,2
114,1,42,71
114,42,69,3
114,5,10,99
114,4,29,81
114,2,108,4
113,30,72,11
113,27,70,16
113,8,23,82
113,14,98,1
113,1,111,1
112,1,8,103
112,1,33,78
112,9,43,60
112,14,43,55
112,6,35,71
112,30,48,34
111,1,42,68
111,34,62,15
111,1,85,25
110,1,78,31
110,9,101,0
110,8,68,34
110,3,43,64
110,40,65,5
110,4,96,10
109,2,107,0
109,12,44,53
109,3,44,62
109,27,76,6
109,35,70,4
108,4,41,63
108,2,96,10
108,5,28,75
108,46,57,5
108,26,43,39
108,36,71,1
107,1,33,73
107,1,63,43
107,2,97,8
107,1,40,66
107,27,66,14
107,8,4,95
106,6,65,35
105,4,97,4
105,54,45,6
105,2,103,0
105,5,21,79
105,38,65,2
105,5,42,58
105,6,14,85
105,12,12,81
105,3,100,2
104,1,38,65
104,12,37,55
104,18,86,0
104,1,1,102
104,10,21,73
103,1,33,69
103,3,97,3
103,40,62,1
103,2,101,0
103,2,22,79
102,40,56,6
102,17,75,10
102,9,16,77
102,10,24,68
102,1,34,67
102,1,30,71
102,7,21,74
102,1,32,69
102,40,49,13
102,11,61,30
101,22,73,6
101,1,22,78
101,38,54,9
101,1,35,65
101,4,36,61
101,8,14,79
101,30,71,0
101,13,78,10
101,21,71,9
100,1,31,68
100,1,35,64
100,1,39,60
100,3,96,1
100,1,99,0
100,1,29,70
99,46,47,6
99,1,31,67
99,1,27,71
99,1,20,78
99,1,46,52
99,1,36,62
99,10,23,66
99,51,37,11
99,6,84,9
99,1,32,66
99,1,31,67
98,1,40,57
98,1,36,61
98,4,34,60
98,1,31,66
98,3,80,15
98,6,33,59
98,1,29,68
97,6,89,2
97,1,34,62
97,1,38,58
97,1,32,64
97,1,39,57
97,1,26,70
97,1,34,62
97,1,45,51
97,1,26,70
97,1,96,0
97,3,26,68
97,23,68,6
97,1,38,58
97,11,63,23
96,1,34,61
96,1,38,57
96,1,23,72
96,1,38,57
96,10,75,11
96,1,29,66
96,1,28,67
96,1,32,63
96,1,19,76
96,1,23,72
96,1,15,80
96,18,44,34
96,6,90,0
96,44,42,10
96,1,41,54
96,34,36,26
96,17,65,14
95,36,56,3
95,45,49,1
95,2,4,89
95,17,78,0
95,1,29,65
95,1,23,71
95,33,60,2
95,3,39,53
95,1,90,4
95,6,30,59
95,5,82,8
94,1,39,54
94,1,37,56
94,1,38,55
94,11,76,7
94,1,27,66
94,1,31,62
94,1,31,62
94,2,20,72
94,5,35,54
94,1,38,55
94,1,32,61
94,1,30,63
94,24,30,40
94,1,45,48
94,6,15,73
93,1,38,54
93,1,37,55
93,1,25,67
93,1,26,66
93,1,27,65
93,1,20,72
93,19,65,9
93,1,28,64
93,1,28,64
93,1,27,65
93,1,28,64
93,23,29,41
92,18,68,6
92,1,23,68
92,8,35,49
92,9,4,79
92,1,26,65
92,1,32,59
92,1,36,55
92,20,70,2
92,1,40,51
92,1,13,78
92,1,34,57
92,4,32,56
92,34,31,27
92,19,67,6
92,1,36,55
92,19,73,0
92,7,62,23
92,6,48,38
91,1,45,45
91,1,23,67
91,29,54,8
91,1,32,58
91,8,19,64
91,1,41,49
91,1,20,70
91,31,45,15
91,12,47,32
91,1,34,56
91,17,41,33
91,1,29,61
90,2,30,58
90,37,49,4
90,1,21,68
90,1,23,66
90,1,14,75
90,1,33,56
90,4,80,6
90,3,79,8
90,9,29,52
90,13,6,71
89,1,29,59
89,2,20,67
89,2,19,68
89,1,18,70
89,1,32,56
89,1,26,62
89,2,37,50
89,4,11,74
89,1,20,68
89,1,29,59
89,16,49,24
89,1,27,61
89,15,57,17
89,6,40,43
88,1,20,67
88,25,62,1
88,1,26,61
88,4,18,66
88,1,16,71
88,10,20,58
88,5,80,3
88,1,30,57
88,1,33,54
88,1,27,60
88,1,23,64
88,22,38,28
88,1,28,59
88,3,31,54
88,25,54,9
88,37,32,19
87,1,31,55
87,1,19,67
87,1,10,76
87,1,20,66
87,4,24,59
87,1,28,58
87,1,26,60
87,1,23,63
87,1,39,47
87,5,15,67
87,1,13,73
87,1,31,55
87,1,30,56
87,3,23,61
87,1,28,58
87,1,39,47
87,1,35,51
87,1,19,67
87,24,57,6
87,6,29,52
86,1,83,2
86,1,17,68
86,50,28,8
86,8,77,1
86,6,7,73
86,1,21,64
86,22,41,23
86,8,48,30
86,6,2,78
86,9,24,53
85,1,22,62
85,10,26,49
85,5,79,1
85,1,18,66
85,1,36,48
85,6,70,9
85,1,35,49
85,34,46,5
85,1,25,59
85,18,63,4
85,2,23,60
85,1,23,61
85,21,51,13
85,8,52,25
85,8,63,14
84,5,29,50
84,31,36,17
84,1,26,57
84,19,50,15
84,4,16,64
84,1,16,67
84,16,57,11
84,1,41,42
84,1,80,3
84,2,20,62
84,1,1,82
84,5,16,63
84,5,78,1
84,1,35,48
84,7,8,69
84,1,24,59
84,5,77,2
84,3,70,11
83,2,33,48
83,1,24,58
83,1,36,46
83,6,10,67
83,11,67,5
83,1,20,62
83,21,54,8
83,6,11,66
83,1,19,63
83,4,23,56
83,1,29,53
83,1,27,55
83,3,71,9
82,1,17,64
82,19,43,20
82,5,19,58
82,4,25,53
82,1,27,54
82,1,30,51
82,28,52,2
82,1,27,54
82,1,25,56
82,1,40,41
82,3,32,47
82,7,21,54
81,6,27,48
81,10,67,4
81,1,21,59
81,3,28,50
81,5,15,61
81,24,24,33
81,48,20,13
81,15,61,5
81,25,41,15
80,7,39,34
80,1,33,46
80,14,57,9
80,29,50,1
80,11,68,1
80,1,28,51
80,1,35,44
80,1,19,60
80,8,69,3
80,35,38,7
80,18,60,2
80,27,47,6
80,1,30,49
80,24,51,5
80,1,17,62
80,1,8,71
80,51,29,0
80,48,30,2
80,1,18,61
80,4,16,60
80,23,47,10
80,5,14,61
80,1,24,55
80,53,18,9
80,36,44,0
80,11,26,43
79,25,41,13
79,1,25,53
79,2,22,55
79,4,16,59
79,6,73,0
79,2,19,58
79,14,60,5
79,15,47,17
79,11,37,31
79,31,44,4
79,3,22,54
79,11,7,61
79,23,24,32
78,2,24,52
78,1,6,71
78,24,49,5
78,1,41,36
78,28,40,10
78,1,21,56
78,1,50,27
78,15,33,30
78,3,19,56
78,1,10,67
78,1,22,55
78,9,61,8
78,3,19,56
78,1,5,72
78,6,17,55
78,4,46,28
78,27,39,12
78,4,48,26
77,4,71,2
77,1,20,56
77,1,15,61
77,27,48,2
77,5,19,53
77,23,53,1
77,23,54,0
77,1,22,54
77,1,17,59
77,21,43,13
77,14,33,30
77,1,26,50
77,1,13,63
77,1,10,66
77,5,36,36
77,1,22,54
77,1,21,55
77,7,5,65
76,1,8,67
76,1,28,47
76,6,42,28
76,1,34,41
76,1,35,40
76,1,13,62
76,10,41,25
76,11,63,2
76,27,29,20
76,4,22,50
76,1,25,50
76,1,19,56
76,1,41,34
76,2,22,52
76,1,27,48
76,12,53,11
76,1,17,58
76,6,69,1
76,2,66,8
76,5,66,5
76,14,62,0
75,1,12,62
75,32,39,4
75,1,32,42
75,1,48,26
75,2,72,1
75,1,38,36
75,5,20,50
75,4,44,27
75,1,25,49
75,1,38,36
75,8,12,55
75,5,70,0
75,12,62,1
75,4,15,56
75,1,23,51
75,11,51,13
75,1,33,41
75,1,30,44
75,1,27,47
75,11,30,34
75,12,56,7
75,1,21,53
75,6,67,2
75,34,32,9
75,1,22,52
75,1,29,45
75,30,43,2
75,23,52,0
75,6,43,26
75,36,36,3
74,23,27,24
74,1,23,50
74,38,34,2
74,1,15,58
74,1,26,47
74,1,8,65
74,6,30,38
74,1,23,50
74,1,18,55
74,10,61,3
74,3,28,43
74,35,36,3
74,9,59,6
73,20,32,21
73,49,20,4
73,12,50,11
73,3,27,43
73,2,29,42
73,1,34,38
73,1,12,60
73,42,23,8
73,8,8,57
73,15,51,7
73,1,10,62
73,9,37,27
73,25,42,6
73,15,41,17
73,1,11,61
73,1,20,52
73,2,21,50
73,1,12,60
73,1,16,56
73,3,29,41
73,50,20,3
73,4,3,66
73,11,53,9
73,10,20,43
73,5,61,7
73,16,50,7
73,19,49,5
73,23,39,11
73,11,62,0
72,1,23,48
72,7,65,0
72,4,3,65
72,1,28,43
72,5,13,54
72,1,15,56
72,1,71,0
72,20,47,5
72,33,12,27
72,9,58,5
72,13,46,13
72,1,17,54
72,1,16,55
72,1,19,52
72,14,58,0
72,1,17,54
72,45,21,6
72,1,17,54
72,1,46,25
72,1,15,56
72,1,21,50
72,1,39,32
72,1,13,58
72,6,45,21
72,1,25,46
72,1,20,51
72,1,28,43
72,3,4,65
71,1,21,49
71,1,21,49
71,17,40,14
71,2,11,58
71,25,42,4
71,10,55,6
71,1,14,56
71,2,23,46
71,1,19,51
71,34,36,1
71,1,16,54
71,1,39,31
71,1,18,52
71,1,14,56
71,7,23,41
70,28,37,5
70,2,20,48
70,5,53,12
70,7,59,4
70,6,53,11
70,1,13,56
70,1,26,43
70,39,24,7
70,1,31,38
70,1,11,58
70,1,10,59
70,1,13,56
70,1,6,63
70,3,38,29
70,9,57,4
70,45,23,2
70,1,23,46
70,1,64,5
70,1,19,50
70,6,46,18
70,19,20,31
70,2,27,41
69,1,15,53
69,6,58,5
69,13,42,14
69,1,19,49
69,1,11,57
69,1,11,57
69,2,15,52
69,1,6,62
69,5,63,1
69,1,25,43
69,13,27,29
69,24,42,3
69,1,23,45
69,7,58,4
69,1,20,48
69,1,2,66
69,5,43,21
69,1,20,48
69,1,24,44
69,1,19,49
69,42,26,1
69,1,16,52
69,28,25,16
69,1,11,57
69,8,61,0
69,4,25,40
69,1,25,43
69,22,31,16
68,21,8,39
68,1,27,40
68,40,25,3
68,2,19,47
68,1,17,50
68,1,21,46
68,1,11,56
68,1,12,55
68,1,23,44
68,3,22,43
68,1,13,54
68,1,20,47
68,1,15,52
68,19,46,3
68,1,16,51
68,1,13,54
68,7,61,0
68,6,60,2
68,29,36,3
68,1,5,62
68,18,45,5
68,4,62,2
68,1,13,54
68,1,23,44
67,19,46,2
67,1,11,55
67,12,51,4
67,22,40,5
67,5,23,39
67,1,48,18
67,1,66,0
67,52,11,4
67,1,33,33
67,1,19,47
67,3,29,35
67,15,26,26
67,1,18,48
67,8,29,30
67,14,52,1
67,4,7,56
67,3,39,25
67,2,21,44
67,1,28,38
67,1,11,55
67,1,22,44
67,26,31,10
67,25,41,1
67,1,4,62
67,13,41,13
67,1,34,32
67,1,26,40
67,5,62,0
67,1,13,53
67,3,61,3
67,1,11,55
67,6,39,22
67,6,8,53
67,21,38,8
67,1,19,47
67,22,41,4
67,3,27,37
67,1,22,44
67,1,9,57
67,30,35,2
67,1,16,50
67,9,26,32
67,11,24,32
67,4,32,31
66,32,30,4
66,8,52,6
66,1,10,55
66,1,8,57
66,1,29,36
66,24,36,6
66,1,11,54
66,1,20,45
66,1,17,48
66,6,60,0
66,1,19,46
66,2,21,43
66,30,34,2
66,4,61,1
66,1,7,58
66,1,8,57
66,6,33,27
66,16,44,6
66,5,38,23
66,14,13,39
66,17,1,48
66,5,23,38
66,1,14,51
66,1,18,47
66,10,47,9
66,1,18,47
66,1,9,56
66,23,31,12
66,13,35,18
66,5,50,11
66,4,50,12
66,4,28,34
66,5,38,23
65,1,18,46
65,20,35,10
65,5,8,52
65,1,7,57
65,15,13,37
65,8,57,0
65,1,17,47
65,40,25,0
65,1,34,30
65,1,8,56
65,1,34,30
65,1,11,53
65,1,18,46
65,1,29,35
65,1,9,55
65,1,10,54
65,32,29,4
65,1,5,59
65,48,14,3
65,1,8,56
65,28,23,14
65,1,18,46
65,4,29,32
65,1,2,62
64,3,24,37
64,1,24,39
64,1,5,58
64,1,35,28
64,4,46,14
64,13,48,3
64,5,8,51
64,1,10,53
64,1,7,56
64,33,29,2
64,1,14,49
64,2,62,0
64,1,13,50
64,15,36,13
64,3,47,14
64,1,35,28
64,1,6,57
64,28,33,3
64,2,18,44
64,7,56,1
64,27,30,7
64,2,2,60
64,1,13,50
64,15,11,38
64,2,10,52
64,1,18,45
64,24,31,9
64,1,38,25
64,1,37,26
64,1,17,46
64,16,41,7
64,3,22,39
64,1,6,57
64,6,47,11
64,6,4,54
64,12,33,19
64,3,17,44
63,2,61,0
63,1,9,53
63,1,34,28
63,1,25,37
63,1,62,0
63,35,28,0
63,1,34,28
63,1,19,43
63,6,20,37
63,1,9,53
63,15,45,3
63,1,24,38
63,1,27,35
63,1,28,34
63,29,28,6
63,4,57,2
63,1,6,56
63,1,19,43
63,1,11,51
63,1,23,39
63,1,3,59
63,7,40,16
63,1,20,42
63,2,61,0
63,16,47,0
63,1,21,41
63,1,13,49
63,1,15,47
63,24,30,9
63,2,17,44
63,2,23,38
63,7,30,26
62,2,6,54
62,11,13,38
62,32,28,2
62,1,20,41
62,1,4,57
62,1,2,59
62,1,36,25
62,1,12,49
62,1,14,47
62,14,44,4
62,1,20,41
62,10,51,1
62,1,8,53
62,1,44,17
62,1,38,23
62,1,33,28
62,1,31,30
62,1,11,50
62,1,25,36
62,19,34,9
62,3,13,46
62,1,13,48
62,29,33,0
62,1,3,58
62,1,21,40
62,1,18,43
62,22,37,3
62,1,8,53
62,13,47,2
62,1,19,42
62,1,11,50
62,1,9,52
62,30,31,1
62,1,13,48
62,1,17,44
62,1,8,53
62,7,21,34
62,14,23,25
62,15,36,11
61,1,43,17
61,1,30,30
61,32,25,4
61,1,26,34
61,1,22,38
61,1,33,27
61,8,53,0
61,1,9,51
61,1,7,53
61,32,28,1
61,1,17,43
61,36,23,2
61,1,3,57
61,1,11,49
61,1,5,55
61,1,11,49
61,17,29,15
61,1,15,45
61,2,57,2
61,1,13,47
61,1,14,46
61,21,32,8
61,1,19,41
61,1,15,45
61,14,40,7
61,1,10,50
61,23,32,6
61,27,28,6
61,1,24,36
61,19,39,3
61,1,10,50
61,4,18,39
61,42,16,3
61,1,14,46
61,1,7,53
61,3,53,5
61,5,20,36
61,11,21,29
61,10,20,31
60,1,20,39
60,1,14,45
60,1,34,25
60,40,19,1
60,7,46,7
60,6,4,50
60,8,52,0
60,14,37,9
60,44,14,2
60,3,19,38
60,1,10,49
60,5,8,47
60,3,57,0
60,1,4,55
60,15,42,3
60,6,20,34
60,49,8,3
60,1,30,29
60,1,3,56
60,8,43,9
60,7,30,23
60,1,28,31
60,1,15,44
60,1,25,34
60,21,32,7
60,46,13,1
60,1,9,50
60,1,36,23
60,1,10,49
60,1,32,27
60,10,49,1
60,1,6,53
60,1,33,26
60,7,19,34
60,5,55,0
60,16,17,27
60,7,19,34
60,4,19,37
59,1,29,29
59,31,27,1
59,1,36,22
59,1,11,47
59,2,40,17
59,1,14,44
59,5,54,0
59,8,14,37
59,1,10,48
59,1,4,54
59,38,19,2
59,4,17,38
59,1,37,21
59,4,25,30
59,1,7,51
59,1,22,36
59,1,14,44
59,1,8,50
59,1,23,35
59,1,18,40
59,1,18,40
59,2,16,41
59,1,25,33
59,1,19,39
59,1,10,48
59,6,25,28
59,2,31,26
59,1,22,36
59,26,27,6
59,1,24,34
59,1,5,53
59,1,15,43
59,1,10,48
59,5,2,52
59,1,26,32
59,3,27,29
59,1,20,38
59,1,15,43
59,1,18,40
59,30,27,2
59,1,7,51
59,21,33,5
59,5,38,16
59,15,25,19
59,4,3,52
58,1,11,46
58,1,31,26
58,1,30,27
58,1,23,34
58,6,52,0
58,1,32,25
58,1,14,43
58,3,19,36
58,1,29,28
58,1,20,37
58,1,8,49
58,1,19,38
58,1,28,29
58,1,10,47
58,6,51,1
58,25,30,3
58,3,54,1
58,45,11,2
58,3,50,5
58,1,22,35
58,1,9,48
58,5,40,13
58,1,33,24
58,3,50,5
58,6,51,1
58,1,40,17
58,21,35,2
58,1,36,21
58,1,8,49
58,14,44,0
58,1,21,36
58,1,3,54
58,1,57,0
58,17,37,4
58,1,15,42
58,1,24,33
58,13,40,5
58,1,54,3
58,1,11,46
58,10,47,1
58,50,3,5
58,1,12,45
58,23,32,3
58,11,36,11
58,4,31,23
57,34,18,5
57,1,44,12
57,10,10,37
57,1,49,7
57,2,50,5
57,23,34,0
57,1,7,49
57,27,25,5
57,12,31,14
57,1,44,12
57,43,12,2
57,1,13,43
57,1,3,53
57,2,24,31
57,1,11,45
57,10,43,4
57,4,53,0
57,1,4,52
57,1,19,37
57,4,22,31
57,1,15,41
57,10,9,38
57,25,22,10
57,1,16,40
57,1,11,45
57,43,13,1
57,2,27,28
57,3,28,26
57,4,30,23
57,1,12,44
57,1,56,0
57,17,38,2
57,1,18,38
57,1,17,39
57,1,42,14
57,3,21,33
57,4,51,2
57,6,44,7
57,8,29,20
57,7,17,33
56,35,21,0
56,1,18,37
56,1,24,31
56,17,39,0
56,1,18,37
56,1,12,43
56,1,5,50
56,1,36,19
56,6,20,30
56,1,25,30
56,13,33,10
56,17,27,12
56,1,24,31
56,1,33,22
56,1,17,38
56,1,7,48
56,1,26,29
56,6,42,8
56,1,16,39
56,2,51,3
56,1,26,29
56,1,11,44
56,1,14,41
56,40,14,2
56,1,15,40
56,1,19,36
56,1,19,36
56,22,30,4
56,1,26,29
56,1,21,34
56,1,23,32
56,1,10,45
56,23,27,6
56,31,22,3
56,1,12,43
56,1,4,51
56,1,18,37
56,23,28,5
56,1,9,46
56,35,20,1
56,7,33,16
56,5,51,0
56,6,35,15
55,1,7,47
55,6,37,12
55,4,50,1
55,42,13,0
55,1,11,43
55,9,9,37
55,1,23,31
55,1,19,35
55,2,44,9
55,1,10,44
55,21,24,10
55,1,10,44
55,1,6,48
55,1,18,36
55,24,28,3
55,10,3,42
55,1,10,44
55,5,48,2
55,1,14,40
55,18,30,7
55,1,2,52
55,2,52,1
55,11,40,4
55,1,16,38
55,24,27,4
55,40,13,2
55,1,14,40
55,1,32,22
55,5,48,2
55,1,33,21
55,12,39,4
55,19,2,34
55,10,44,1
55,1,27,27
55,18,33,4
55,8,41,6
55,11,24,20
55,5,50,0
55,3,23,29
54,1,26,27
54,1,26,27
54,1,18,35
54,11,35,8
54,9,44,1
54,1,7,46
54,1,13,40
54,17,3,34
54,12,5,37
54,6,48,0
54,1,13,40
54,1,13,40
54,1,37,16
54,1,30,23
54,1,37,16
54,1,37,16
54,1,13,40
54,1,24,29
54,1,8,45
54,37,15,2
54,5,5,44
54,1,7,46
54,2,16,36
54,18,33,3
54,32,18,4
54,14,22,18
54,11,40,3
54,9,45,0
54,5,20,29
54,34,19,1
54,1,19,34
54,1,11,42
54,1,19,34
54,1,0,53
54,29,19,6
54,1,2,51
54,1,11,42
54,1,21,32
54,1,14,39
54,1,10,43
54,23,27,4
54,1,21,32
54,4,27,23
54,1,17,36
54,1,13,40
54,2,1,51
54,1,48,5
53,2,22,29
53,18,27,8
53,2,29,22
53,1,14,38
53,1,2,50
53,1,31,21
53,12,34,7
53,4,24,25
53,1,17,35
53,1,7,45
53,3,20,30
53,22,27,4
53,1,2,50
53,1,32,20
53,1,30,22
53,1,52,0
53,1,18,34
53,38,14,1
53,29,24,0
53,43,9,1
53,10,37,6
53,6,20,27
53,34,9,10
53,32,17,4
53,12,41,0
53,17,35,1
53,1,26,26
53,33,19,1
53,5,17,31
53,1,13,39
53,5,12,36
53,7,7,39
53,1,17,35
53,5,17,31
53,2,19,32
53,1,16,36
53,5,10,38
53,38,15,0
53,1,15,37
53,1,16,36
53,1,8,44
53,28,24,1
53,1,1,51
53,2,45,6
53,11,37,5
53,7,22,24
53,20,15,18
53,5,30,18
52,1,2,49
52,28,22,2
52,19,20,13
52,1,25,26
52,36,14,2
52,1,7,44
52,1,41,10
52,2,48,2
52,14,12,26
52,4,45,3
52,1,46,5
52,2,19,31
52,6,41,5
52,1,22,29
52,1,11,40
52,7,9,36
52,1,11,40
52,5,5,42
52,24,24,4
52,1,17,34
52,1,8,43
52,6,42,4
52,1,9,42
52,1,32,19
52,1,16,35
52,2,46,4
52,1,6,45
52,1,1,50
52,8,14,30
52,3,41,8
52,1,18,33
52,1,3,48
52,1,9,42
52,1,2,49
52,1,12,39
52,5,18,29
52,1,24,27
52,1,11,40
52,42,9,1
52,1,9,42
52,1,11,40
52,1,39,12
52,1,4,47
52,1,19,32
52,4,2,46
52,29,21,2
52,1,33,18
52,1,36,15
52,1,16,35
52,1,11,40
52,1,11,40
52,10,25,17
52,8,20,24
52,8,22,22
51,39,12,0
51,34,15,2
51,1,47,3
51,1,28,22
51,24,26,1
51,2,28,21
51,1,8,42
51,1,29,21
51,1,24,26
51,1,15,35
51,21,29,1
51,1,12,38
51,1,15,35
51,16,31,4
51,1,7,43
51,1,30,20
51,2,18,31
51,1,20,30
51,1,13,37
51,13,27,11
51,11,38,2
51,1,23,27
51,7,35,9
51,19,31,1
51,1,14,36
51,1,50,0
51,4,39,8
51,12,12,27
51,25,25,1
51,4,41,6
51,13,8,30
51,2,47,2
51,19,10,22
51,1,24,26
51,1,50,0
51,7,34,10
51,14,33,4
51,1,30,20
51,3,48,0
51,35,16,0
51,1,12,38
51,2,47,2
51,14,27,10
51,7,37,7
51,5,19,27
51,1,7,43
51,1,9,41
51,3,13,35
51,37,11,3
51,4,28,19
51,1,20,30
51,9,27,15
51,27,15,9
50,20,16,14
50,26,23,1
50,1,12,37
50,28,19,3
50,1,49,0
50,1,16,33
50,1,23,26
50,1,1,48
50,1,7,42
50,1,11,38
50,1,16,33
50,15,33,2
50,1,29,20
50,1,11,38
50,1,5,44
50,5,42,3
50,17,29,4
50,7,26,17
50,1,20,29
50,26,20,4
50,1,19,30
50,1,12,37
50,4,1,45
50,27,20,3
50,4,41,5
50,1,17,32
50,7,41,2
50,1,5,44
50,14,29,7
50,1,6,43
50,1,6,43
50,1,29,20
50,1,22,27
50,2,46,2
50,1,2,47
50,32,18,0
50,1,18,31
50,1,7,42
50,1,25,24
50,10,36,4
50,24,26,0
50,21,25,4
50,9,28,13
50,4,31,15
50,1,25,24
50,15,33,2
49,1,12,36
49,29,12,8
49,41,6,2
49,1,13,35
49,1,5,43
49,5,23,21
49,14,24,11
49,1,29,19
49,1,21,27
49,4,13,32
49,37,12,0
49,1,10,38
49,1,5,43
49,1,14,34
49,1,22,26
49,35,14,0
49,1,15,33
49,32,16,1
49,1,16,32
49,5,4,40
49,22,24,3
49,27,22,0
49,36,10,3
49,8,17,24
49,28,19,2
49,36,11,2
49,15,5,29
49,3,3,43
49,8,41,0
49,7,42,0
49,16,6,27
49,6,20,23
49,36,11,2
49,11,33,5
49,28,17,4
49,5,43,1
49,10,38,1
49,27,20,2
49,4,20,25
48,3,43,2
48,7,32,9
48,3,37,8
48,28,20,0
48,4,44,0
48,1,5,42
48,8,31,9
48,7,3,38
48,1,8,39
48,1,20,27
48,11,37,0
48,7,24,17
48,1,22,25
48,4,19,25
48,1,25,22
48,4,5,39
48,8,37,3
48,5,9,34
48,1,3,44
48,5,25,18
48,1,5,42
48,2,17,29
48,17,30,1
48,1,46,1
48,8,14,26
48,2,42,4
48,19,28,1
48,2,35,11
48,1,47,0
48,1,16,31
48,29,19,0
48,44,2,2
48,6,9,33
48,1,8,39
48,1,7,40
48,9,35,4
48,5,41,2
48,1,5,42
48,15,15,18
48,17,14,17
48,7,39,2
48,11,27,10
48,30,15,3
48,9,7,32
48,13,11,24
48,18,4,26
48,14,6,28
48,5,1,42
48,7,35,6
48,26,21,1
48,15,23,10
48,4,8,36
48,2,8,38
48,4,17,27
47,1,8,38
47,1,16,30
47,12,34,1
47,6,29,12
47,1,15,31
47,22,19,6
47,1,14,32
47,2,35,10
47,1,11,35
47,1,26,20
47,1,10,36
47,5,15,27
47,31,15,1
47,3,17,27
47,2,27,18
47,1,27,19
47,1,12,34
47,1,19,27
47,1,25,21
47,3,26,18
47,24,22,1
47,3,34,10
47,21,23,3
47,1,8,38
47,32,12,3
47,1,18,28
47,1,16,30
47,1,15,31
47,2,15,30
47,3,39,5
47,1,17,29
47,4,4,39
47,6,10,31
47,1,29,17
47,3,38,6
47,3,42,2
47,31,15,1
47,6,24,17
47,1,15,31
47,2,23,22
47,36,8,3
47,1,28,18
47,1,13,33
47,4,43,0
47,7,39,1
47,16,27,4
47,16,24,7
47,12,32,3
47,30,17,0
47,16,5,26
47,18,15,14
47,5,36,6
47,20,15,12
46,4,42,0
46,2,19,25
46,3,42,1
46,1,33,12
46,1,7,38
46,1,5,40
46,3,35,8
46,11,35,0
46,23,23,0
46,2,44,0
46,1,7,38
46,1,6,39
46,1,18,27
46,1,10,35
46,1,16,29
46,5,26,15
46,5,14,27
46,1,13,32
46,1,24,21
46,7,36,3
46,1,7,38
46,1,17,28
46,1,5,40
46,29,15,2
46,3,15,28
46,7,6,33
46,8,38,0
46,37,5,4
46,1,4,41
46,1,8,37
46,8,33,5
46,3,18,25
46,1,7,38
46,1,11,34
46,5,22,19
46,9,29,8
46,3,42,1
46,15,18,13
46,1,11,34
46,9,32,5
46,1,5,40
46,1,4,41
46,5,37,4
46,4,41,1
46,1,11,34
46,3,22,21
46,4,3,39
46,12,29,5
46,2,32,12
46,1,16,29
46,8,20,18
46,24,22,0
46,3,17,26
46,34,11,1
46,16,23,7
46,15,6,25
46,9,8,29
46,25,18,3
46,32,13,1
46,2,31,13
46,11,30,5
46,15,30,1
46,17,15,14
46,1,17,28
45,1,10,34
45,16,29,0
45,9,35,1
45,1,22,22
45,32,13,0
45,2,14,29
45,1,0,44
45,1,19,25
45,1,12,32
45,2,43,0
45,3,1,41
45,1,2,42
45,1,1,43
45,7,36,2
45,10,28,7
45,1,6,38
45,5,40,0
45,7,37,1
45,2,41,2
45,1,8,36
45,1,19,25
45,1,17,27
45,1,9,35
45,29,12,4
45,3,4,38
45,27,16,2
45,3,42,0
45,5,33,7
45,2,28,15
45,3,20,22
45,19,21,5
45,1,11,33
45,1,23,21
45,1,9,35
45,13,31,1
45,1,18,26
45,16,14,15
45,28,15,2
45,10,20,15
45,1,7,37
45,13,24,8
45,1,18,26
45,1,13,31
45,5,11,29
45,39,4,2
45,33,12,0
45,22,10,13
45,6,23,16
45,36,8,1
45,4,15,26
45,1,12,32
45,4,40,1
45,1,16,28
45,33,12,0
45,32,11,2
45,33,11,1
45,30,13,2
45,13,14,18
45,18,26,1
45,3,41,1
45,13,6,26
45,18,21,6
44,15,29,0
44,1,17,26
44,2,18,24
44,1,6,37
44,4,40,0
44,5,39,0
44,5,20,19
44,1,0,43
44,7,3,34
44,40,4,0
44,11,18,15
44,12,22,10
44,16,17,11
44,1,10,33
44,36,7,1
44,1,14,29
44,7,29,8
44,3,15,26
44,33,11,0
44,1,8,35
44,6,22,16
44,20,23,1
44,3,7,34
44,32,11,1
44,1,1,42
44,35,7,2
44,4,20,20
44,28,15,1
44,13,23,8
44,8,35,1
44,3,36,5
44,3,38,3
44,2,9,33
44,1,16,27
44,1,11,32
44,6,9,29
44,21,22,1
44,1,16,27
44,1,16,27
44,3,41,0
44,19,19,6
44,1,2,41
44,7,7,30
44,1,16,27
44,5,6,33
44,9,31,4
44,23,11,10
44,7,36,1
44,1,2,41
44,7,16,21
44,15,11,18
44,18,9,17
44,1,8,35
44,11,21,12
44,31,12,1
44,3,20,21
44,1,15,28
44,3,35,6
44,13,29,2
44,20,23,1
44,3,16,25
44,7,3,34
44,1,8,35
44,18,23,3
44,1,8,35
44,3,34,7
44,4,4,36
44,27,16,1
44,14,23,7
44,11,31,2
44,4,16,24
44,4,30,10
44,12,26,6
44,15,27,2
44,2,24,18
43,1,10,32
43,1,0,42
43,1,8,34
43,1,2,40
43,5,19,19
43,6,24,13
43,3,15,25
43,18,14,11
43,10,26,7
43,1,23,19
43,3,35,5
43,8,30,5
43,5,12,26
43,18,21,4
43,10,8,25
43,7,30,6
43,2,29,12
43,8,18,17
43,19,16,8
43,14,15,14
43,13,29,1
43,32,10,1
43,1,17,25
43,25,18,0
43,1,8,34
43,15,27,1
43,1,7,35
43,4,38,1
43,20,20,3
43,33,6,4
43,1,29,13
43,30,13,0
43,6,33,4
43,1,3,39
43,31,11,1
43,1,0,42
43,8,32,3
43,9,29,5
43,2,31,10
43,12,11,20
43,1,14,28
43,8,29,6
43,3,17,23
43,1,20,22
43,2,41,0
43,3,37,3
43,6,17,20
43,22,19,2
43,23,20,0
43,9,32,2
43,1,13,29
43,19,24,0
43,1,5,37
43,2,41,0
43,1,9,33
43,18,24,1
43,3,37,3
43,18,23,2
43,5,13,25
43,4,23,16
43,11,9,23
43,24,16,3
43,6,32,5
43,7,32,4
43,4,19,20
43,6,23,14
42,8,30,4
42,3,17,22
42,3,39,0
42,4,37,1
42,11,16,15
42,5,7,30
42,15,9,18
42,2,16,24
42,3,4,35
42,21,19,2
42,2,0,40
42,1,8,33
42,2,34,6
42,16,22,4
42,2,38,2
42,33,9,0
42,5,3,34
42,11,31,0
42,8,6,28
42,1,22,19
42,8,31,3
42,12,26,4
42,6,15,21
42,18,19,5
42,23,10,9
42,6,10,26
42,34,6,2
42,1,1,40
42,15,26,1
42,3,23,16
42,35,7,0
42,5,12,25
42,18,15,9
42,4,13,25
42,4,8,30
42,14,8,20
42,15,20,7
42,12,30,0
42,27,15,0
42,1,12,29
42,6,36,0
42,1,19,22
42,1,1,40
42,29,10,3
42,5,15,22
42,1,20,21
42,8,24,10
42,2,37,3
42,5,23,14
42,30,10,2
42,8,10,24
42,28,13,1
42,28,11,3
42,12,21,9
41,5,24,12
41,1,15,25
41,1,9,31
41,24,12,5
41,1,16,24
41,17,17,7
41,3,17,21
41,1,12,28
41,3,7,31
41,3,11,27
41,1,10,30
41,23,16,2
41,10,28,3
41,10,18,13
41,7,24,10
41,7,28,6
41,1,10,30
41,7,31,3
41,16,25,0
41,1,9,31
41,25,11,5
41,1,23,17
41,3,34,4
41,5,24,12
41,16,20,5
41,16,25,0
41,23,16,2
41,8,23,10
41,2,39,0
41,22,18,1
41,20,20,1
41,11,12,18
41,9,28,4
41,7,9,25
41,25,16,0
41,28,13,0
41,7,12,22
41,16,21,4
41,3,31,7
41,16,17,8
41,27,7,7
41,11,14,16
41,22,16,3
41,23,9,9
41,2,38,1
41,25,14,2
41,1,16,24
41,25,14,2
41,1,4,36
41,33,8,0
41,6,18,17
41,24,16,1
41,8,9,24
41,11,9,21
41,6,31,4
41,2,14,25
41,13,27,1
41,21,17,3
41,1,11,29
41,8,19,14
41,7,23,11
41,2,16,23
41,4,31,6
41,9,32,0
41,11,28,2
41,9,7,25
41,16,25,0
41,7,7,27
41,7,33,1
41,20,20,1
41,15,12,14
41,8,21,12
41,7,6,28
40,2,38,0
40,7,30,3
40,19,20,1
40,1,16,23
40,1,19,20
40,1,13,26
40,17,22,1
40,3,14,23
40,8,22,10
40,9,31,0
40,2,37,1
40,4,36,0
40,1,11,28
40,20,13,7
40,1,6,33
40,32,8,0
40,13,21,6
40,9,23,8
40,8,10,22
40,1,8,31
40,14,26,0
40,6,32,2
40,27,10,3
40,3,36,1
40,27,12,1
40,15,21,4
40,1,4,35
40,1,19,20
40,12,14,14
40,9,31,0
40,18,17,5
40,23,13,4
40,17,15,8
40,6,26,8
40,10,22,8
40,7,25,8
40,4,14,22
40,29,11,0
40,5,4,31
40,1,39,0
40,1,11,28
40,21,18,1
40,8,29,3
40,1,0,39
40,1,4,35
40,6,19,15
40,8,32,0
40,1,24,15
40,33,7,0
40,38,2,0
40,31,9,0
40,23,12,5
40,7,19,14
40,16,24,0
40,5,34,1
40,5,1,34
40,1,5,34
40,6,33,1
40,7,9,24
40,5,7,28
40,10,7,23
40,27,11,2
39,1,18,20
39,5,8,26
39,1,0,38
39,4,20,15
39,12,26,1
39,8,20,11
39,2,6,31
39,2,37,0
39,12,19,8
39,20,16,3
39,3,18,18
39,5,31,3
39,4,4,31
39,11,21,7
39,29,9,1
39,1,11,27
39,11,17,11
39,5,9,25
39,4,34,1
39,23,14,2
39,8,30,1
39,20,19,0
39,1,36,2
39,3,33,3
39,8,28,3
39,18,13,8
39,4,15,20
39,9,11,19
39,9,15,15
39,19,14,6
39,22,14,3
39,1,13,25
39,19,11,9
39,13,24,2
39,1,2,36
39,9,29,1
39,3,36,0
39,1,18,20
39,2,37,0
39,1,27,11
39,4,18,17
39,17,9,13
39,24,12,3
39,1,17,21
39,5,34,0
39,1,1,37
39,20,17,2
39,13,25,1
39,27,7,5
39,4,34,1
39,15,15,9
39,30,8,1
39,10,19,10
39,7,9,23
39,14,17,8
39,5,7,27
39,1,8,30
39,16,13,10
39,2,37,0
39,1,7,31
39,1,12,26
39,4,25,10
39,30,5,4
39,11,18,10
39,17,21,1
39,14,23,2
39,14,23,2
39,20,17,2
39,31,8,0
39,11,6,22
39,14,5,20
39,8,26,5
38,20,16,2
38,17,15,6
38,4,14,20
38,2,13,23
38,28,8,2
38,1,27,10
38,6,32,0
38,8,29,1
38,31,6,1
38,4,16,18
38,1,7,30
38,19,16,3
38,18,18,2
38,15,17,6
38,1,0,37
38,1,0,37
38,9,26,3
38,23,14,1
38,1,1,36
38,22,13,3
38,2,32,4
38,11,27,0
38,27,11,0
38,7,31,0
38,1,10,27
38,5,31,2
38,2,35,1
38,5,7,26
38,30,1,7
38,7,31,0
38,22,16,0
38,1,1,36
38,1,1,36
38,28,4,6
38,11,27,0
38,2,15,21
38,2,15,21
38,13,11,14
38,4,26,8
38,16,13,9
38,1,0,37
38,4,33,1
38,3,35,0
38,1,2,35
38,4,34,0
38,11,27,0
38,12,26,0
38,2,7,29
38,5,28,5
38,3,28,7
38,1,0,37
38,1,0,37
38,10,12,16
38,14,12,12
38,22,16,0
38,8,15,15
38,2,34,2
38,2,10,26
38,1,9,28
38,3,35,0
38,32,4,2
38,9,29,0
38,25,13,0
38,9,15,14
38,2,5,31
38,19,12,7
38,23,10,5
38,11,24,3
38,22,10,6
38,14,18,6
38,13,23,2
38,9,29,0
38,1,4,33
38,18,16,4
38,2,27,9
38,1,17,20
38,28,6,4
38,10,11,17
38,27,8,3
38,3,17,18
38,7,30,1
38,5,31,2
38,14,8,16
38,6,25,7
38,31,7,0
38,5,20,13
38,11,27,0
37,1,0,36
37,1,15,21
37,2,34,1
37,2,16,19
37,6,30,1
37,14,20,3
37,7,27,3
37,30,6,1
37,1,16,20
37,18,13,6
37,1,4,32
37,14,15,8
37,3,21,13
37,11,26,0
37,1,6,30
37,18,14,5
37,1,1,35
37,18,17,2
37,5,1,31
37,6,21,10
37,21,14,2
37,15,22,0
37,34,3,0
37,21,16,0
37,32,4,1
37,7,14,16
37,15,17,5
37,13,23,1
37,7,28,2
37,1,0,36
37,2,22,13
37,15,20,2
37,13,14,10
37,19,15,3
37,5,31,1
37,22,15,0
37,8,29,0
37,5,12,20
37,1,0,36
37,4,33,0
37,6,19,12
37,1,34,2
37,19,18,0
37,17,10,10
37,17,19,1
37,3,3,31
37,1,13,23
37,3,32,2
37,1,34,2
37,10,20,7
37,1,21,15
37,32,4,1
37,8,22,7
37,5,5,27
37,19,16,2
37,4,32,1
37,22,15,0
37,14,22,1
37,17,18,2
36,5,3,28
36,1,14,21
36,1,0,35
36,6,30,0
36,2,14,20
36,4,32,0
36,3,13,20
36,1,34,1
36,1,1,34
36,1,3,32
36,1,13,22
36,1,24,11
36,26,9,1
36,1,6,29
36,11,25,0
36,1,0,35
36,29,7,0
36,20,12,4
36,19,15,2
36,4,29,3
36,1,14,21
36,3,26,7
36,11,25,0
36,15,20,1
36,1,0,35
36,5,21,10
36,7,25,4
36,6,30,0
36,13,21,2
36,6,29,1
36,10,26,0
36,1,3,32
36,1,33,2
36,2,33,1
36,24,12,0
36,25,7,4
36,6,29,1
36,28,4,4
36,1,13,22
36,1,13,22
36,5,13,18
36,1,3,32
36,17,18,1
36,7,26,3
36,16,17,3
36,8,6,22
36,2,1,33
36,1,7,28
36,1,1,34
36,5,18,13
36,9,26,1
36,9,10,17
36,14,16,6
36,23,10,3
36,12,22,2
36,1,6,29
36,12,20,4
36,18,17,1
36,1,0,35
36,9,19,8
36,12,22,2
36,4,9,23
36,2,29,5
36,9,10,17
36,6,30,0
36,5,30,1
36,6,6,24
36,3,32,1
36,6,21,9
36,4,29,3
36,15,20,1
35,12,16,7
35,2,1,32
35,12,21,2
35,1,2,32
35,27,7,1
35,19,16,0
35,1,25,9
35,19,10,6
35,4,8,23
35,2,30,3
35,10,18,7
35,1,13,21
35,7,27,1
35,11,23,1
35,3,29,3
35,11,16,8
35,3,32,0
35,1,5,29
35,4,14,17
35,3,18,14
35,15,14,6
35,7,20,8
35,6,12,17
35,2,33,0
35,7,5,23
35,1,0,34
35,29,5,1
35,14,12,9
35,9,22,4
35,3,14,18
35,21,14,0
35,7,13,15
35,13,22,0
35,11,20,4
35,7,15,13
35,3,26,6
35,12,16,7
35,10,16,9
35,1,18,16
35,1,16,18
35,5,30,0
35,2,1,32
35,14,7,14
35,1,17,17
35,1,34,0
35,25,8,2
35,4,30,1
35,2,32,1
35,1,16,18
35,14,15,6
35,17,13,5
35,24,9,2
35,6,24,5
35,5,14,16
35,3,29,3
35,7,17,11
35,8,27,0
35,9,23,3
35,6,17,12
35,23,12,0
35,12,6,17
35,23,7,5
35,1,13,21
35,23,11,1
35,15,19,1
35,6,29,0
35,10,19,6
35,1,23,11
35,1,0,34
35,10,17,8
35,1,19,15
35,21,12,2
35,19,16,0
35,11,18,6
35,5,28,2
35,18,12,5
35,6,20,9
35,7,2,26
35,5,29,1
34,1,13,20
34,1,6,27
34,4,8,22
34,5,25,4
34,17,12,5
34,3,2,29
34,1,22,11
34,24,6,4
34,5,27,2
34,15,19,0
34,5,27,2
34,4,24,6
34,17,13,4
34,20,13,1
34,5,2,27
34,23,10,1
34,6,14,14
34,16,14,4
34,3,26,5
34,23,9,2
34,22,9,3
34,2,31,1
34,7,17,10
34,1,16,17
34,29,2,3
34,4,30,0
34,11,2,21
34,1,12,21
34,24,8,2
34,1,23,10
34,17,17,0
34,20,13,1
34,4,21,9
34,10,3,21
34,6,19,9
34,17,16,1
34,1,32,1
34,1,7,26
34,16,16,2
34,2,29,3
34,1,8,25
34,3,28,3
34,2,32,0
34,1,17,16
34,20,12,2
34,19,7,8
34,11,5,18
34,6,26,2
34,10,14,10
34,3,27,4
34,5,22,7
34,4,21,9
34,3,28,3
34,17,15,2
34,13,8,13
34,5,5,24
34,3,30,1
34,1,9,24
34,16,13,5
34,3,28,3
34,2,29,3
34,1,9,24
34,4,28,2
34,1,5,28
34,19,10,5
34,1,0,33
34,14,8,12
34,15,9,10
34,7,19,8
34,5,11,18
34,9,23,2
34,3,30,1
34,1,2,31
34,1,14,19
34,2,5,27
34,9,16,9
34,1,32,1
34,1,33,0
34,1,26,7
34,20,12,2
34,2,24,8
34,1,8,25
34,6,18,10
34,1,15,18
34,28,5,1
34,19,15,0
34,5,13,16
34,6,27,1
34,1,0,33
34,5,5,24
34,5,29,0
33,3,3,27
33,15,14,4
33,3,28,2
33,3,7,23
33,3,30,0
33,11,16,6
33,3,30,0
33,21,12,0
33,14,5,14
33,14,10,9
33,9,20,4
33,12,20,1
33,10,9,14
33,4,18,11
33,6,22,5
33,6,19,8
33,17,13,3
33,19,9,5
33,20,11,2
33,11,1,21
33,5,3,25
33,11,16,6
33,25,1,7
33,1,5,27
33,1,31,1
33,1,1,31
33,1,0,32
33,1,0,32
33,4,25,4
33,14,11,8
33,15,11,7
33,14,7,12
33,1,8,24
33,1,23,9
33,24,8,1
33,15,16,2
33,1,8,24
33,11,16,6
33,1,17,15
33,18,12,3
33,7,15,11
33,17,14,2
33,4,29,0
33,11,19,3
33,11,9,13
33,15,12,6
33,17,15,1
33,17,15,1
33,4,18,11
33,8,0,25
33,1,4,28
33,1,32,0
33,14,16,3
33,7,3,23
33,3,19,11
33,1,0,32
33,1,26,6
33,3,13,17
33,13,16,4
33,5,4,24
33,13,19,1
33,8,18,7
33,4,2,27
33,14,14,5
33,3,24,6
33,7,8,18
33,6,8,19
33,10,21,2
33,6,27,0
33,13,20,0
33,17,16,0
33,14,19,0
33,1,3,29
33,18,7,8
33,9,24,0
33,16,16,1
33,1,19,13
33,1,17,15
33,1,14,18
33,25,8,0
33,26,7,0
33,10,23,0
33,7,13,13
33,10,23,0
33,9,16,8
33,27,5,1
33,11,14,8
33,2,31,0
33,14,19,0
33,1,32,0
32,12,3,17
32,10,22,0
32,12,15,5
32,1,31,0
32,8,23,1
32,26,5,1
32,23,9,0
32,9,6,17
32,6,6,20
32,15,17,0
32,12,20,0
32,5,27,0
32,2,30,0
32,16,15,1
32,6,7,19
32,17,11,4
32,26,5,1
32,25,7,0
32,16,16,0
32,1,0,31
32,12,13,7
32,1,4,27
32,4,23,5
32,11,20,1
32,14,12,6
32,22,8,2
32,1,12,19
32,5,23,4
32,18,10,4
32,4,28,0
32,8,2,22
32,12,9,11
32,1,7,24
32,1,7,24
32,2,29,1
32,14,18,0
32,7,25,0
32,4,1,27
32,7,21,4
32,2,21,9
32,3,28,1
32,28,3,1
32,7,6,19
32,23,8,1
32,1,12,19
32,2,30,0
32,8,20,4
32,1,5,26
32,5,20,7
32,1,31,0
32,6,5,21
32,1,0,31
32,3,25,4
32,1,0,31
32,7,20,5
32,2,10,20
32,1,1,30
32,6,11,15
32,2,3,27
32,8,24,0
32,9,19,4
32,7,3,22
32,12,17,3
32,1,16,15
32,3,26,3
32,17,11,4
32,15,17,0
32,18,11,3
32,1,8,23
32,5,3,24
32,3,29,0
32,17,15,0
32,10,16,6
32,9,11,12
32,15,17,0
32,23,9,0
32,5,15,12
32,8,18,6
32,11,7,14
32,2,29,1
32,18,8,6
32,1,22,9
32,19,13,0
32,1,5,26
32,5,27,0
32,5,20,7
32,3,9,20
32,15,11,6
32,12,13,7
31,5,11,15
31,1,8,22
31,3,19,9
31,1,0,30
31,10,19,2
31,22,8,1
31,8,4,19
31,1,18,12
31,20,9,2
31,1,0,30
31,4,23,4
31,7,14,10
31,3,28,0
31,11,16,4
31,10,19,2
31,9,17,5
31,9,19,3
31,7,17,7
31,15,10,6
31,7,10,14
31,4,24,3
31,1,10,20
31,11,20,0
31,11,4,16
31,20,7,4
31,4,8,19
31,21,10,0
31,8,21,2
31,5,0,26
31,1,0,30
31,13,6,12
31,2,13,16
31,17,12,2
31,10,20,1
31,4,4,23
31,19,10,2
31,14,17,0
31,17,11,3
31,3,28,0
31,3,14,14
31,2,28,1
31,10,20,1
31,6,18,7
31,6,24,1
31,1,9,21
31,21,8,2
31,1,5,25
31,18,11,2
31,8,20,3
31,12,13,6
31,1,27,3
31,6,22,3
31,25,4,2
31,1,14,16
31,1,0,30
31,10,21,0
31,5,25,1
31,17,3,11
31,1,7,23
31,18,4,9
31,3,28,0
31,12,17,2
31,2,5,24
31,9,20,2
31,1,1,29
31,21,9,1
31,16,14,1
31,1,0,30
31,10,12,9
31,15,9,7
31,12,17,2
31,1,18,12
31,1,28,2
31,3,27,1
31,1,8,22
31,6,24,1
31,12,6,13
31,2,0,29
31,20,7,4
31,1,28,2
31,6,19,6
31,1,17,13
31,4,23,4
31,4,27,0
31,5,4,22
31,12,13,6
30,1,1,28
30,22,2,6
30,1,2,27
30,1,1,28
30,5,7,18
30,9,17,4
30,7,22,1
30,6,23,1
30,14,16,0
30,1,1,28
30,22,7,1
30,12,10,8
30,15,13,2
30,10,17,3
30,16,13,1
30,9,13,8
30,9,14,7
30,3,6,21
30,6,7,17
30,10,13,7
30,5,25,0
30,1,2,27
30,6,12,12
30,2,28,0
30,6,19,5
30,1,29,0
30,1,22,7
30,3,27,0
30,16,13,1
30,18,9,3
30,12,18,0
30,4,18,8
30,1,2,27
30,3,21,6
30,6,5,19
30,15,8,7
30,9,20,1
30,4,25,1
30,3,17,10
30,11,19,0
30,9,21,0
30,24,3,3
30,1,7,22
30,1,10,19
30,6,24,0
30,1,10,19
30,3,22,5
30,1,18,11
30,9,4,17
30,4,10,16
30,20,8,2
30,15,14,1
30,14,16,0
30,15,12,3
30,1,7,22
30,8,16,6
30,7,17,6
30,9,20,1
30,12,17,1
30,15,14,1
30,5,25,0
30,24,1,5
30,1,0,29
30,1,13,16
30,12,7,11
30,9,12,9
30,3,21,6
30,8,2,20
30,4,23,3
30,6,22,2
30,1,0,29
30,14,12,4
30,9,1,20
30,19,8,3
30,5,25,0
30,8,10,12
30,1,7,22
30,1,8,21
30,1,4,25
30,1,15,14
30,1,7,22
30,4,24,2
30,1,1,28
30,20,10,0
30,12,16,2
30,1,9,20
30,14,15,1
30,2,28,0
30,1,5,24
30,12,18,0
30,1,1,28
30,26,0,4
30,18,12,0
30,1,9,20
30,25,5,0
30,25,4,1
30,15,13,2
29,10,12,7
29,1,7,21
29,6,23,0
29,10,18,1
29,9,19,1
29,2,18,9
29,1,10,18
29,13,15,1
29,9,18,2
29,9,19,1
29,3,20,6
29,2,26,1
29,12,16,1
29,1,8,20
29,1,4,24
29,15,14,0
29,1,10,18
29,22,6,1
29,3,24,2
29,1,9,19
29,3,25,1
29,1,28,0
29,2,14,13
29,10,14,5
29,14,8,7
29,7,18,4
29,1,0,28
29,1,10,18
29,1,2,26
29,4,24,1
29,7,19,3
29,10,14,5
29,1,2,26
29,2,26,1
29,1,8,20
29,3,26,0
29,6,19,4
29,20,8,1
29,1,28,0
29,15,13,1
29,16,10,3
29,8,15,6
29,4,23,2
29,2,20,7
29,6,9,14
29,18,9,2
29,5,19,5
29,9,2,18
29,1,28,0
29,5,5,19
29,3,3,23
29,3,8,18
29,9,12,8
29,5,23,1
29,1,12,16
29,1,3,25
29,2,27,0
29,4,9,16
29,1,1,27
29,9,15,5
29,1,9,19
29,13,16,0
29,8,7,14
29,20,1,8
29,19,6,4
29,1,0,28
29,20,9,0
29,6,17,6
29,7,14,8
29,2,21,6
29,12,13,4
29,1,2,26
29,1,14,14
29,6,22,1
29,7,19,3
29,6,12,11
29,2,15,12
29,7,22,0
29,11,18,0
29,15,11,3
29,14,12,3
29,8,17,4
29,1,8,20
29,1,28,0
29,6,22,1
29,1,21,7
29,8,20,1
29,2,27,0
29,16,8,5
29,10,16,3
29,2,10,17
29,14,13,2
29,4,3,22
29,14,2,13
29,1,0,28
29,19,7,3
29,5,23,1
29,1,7,21
29,1,8,20
29,18,11,0
29,3,26,0
29,1,14,14
29,7,22,0
28,7,10,11
28,4,21,3
28,7,20,1
28,19,8,1
28,1,18,9
28,18,3,7
28,1,5,22
28,9,18,1
28,16,9,3
28,10,18,0
28,12,14,2
28,1,8,19
28,10,17,1
28,9,18,1
28,3,21,4
28,11,17,0
28,17,8,3
28,17,3,8
28,21,5,2
28,13,13,2
28,4,21,3
28,14,9,5
28,12,12,4
28,4,11,13
28,2,21,5
28,13,15,0
28,1,18,9
28,5,10,13
28,3,11,14
28,1,11,16
28,17,11,0
28,1,7,20
28,12,7,9
28,1,2,25
28,7,9,12
28,5,3,20
28,1,0,27
28,21,5,2
28,1,27,0
28,16,11,1
28,7,21,0
28,1,4,23
28,16,10,2
28,16,8,4
28,14,9,5
28,6,20,2
28,3,6,19
28,1,9,18
28,9,19,0
28,4,8,16
28,11,16,1
28,6,19,3
28,9,12,7
28,15,7,6
28,1,2,25
28,8,19,1
28,1,4,23
28,1,1,26
28,9,5,14
28,8,19,1
28,3,6,19
28,1,1,26
28,6,15,7
28,8,16,4
28,3,25,0
28,1,24,3
28,10,15,3
28,10,15,3
28,6,22,0
28,4,12,12
28,1,8,19
28,1,16,11
28,4,24,0
28,18,6,4
28,1,2,25
28,5,11,12
28,3,25,0
28,14,14,0
28,23,2,3
28,10,8,10
28,1,2,25
28,2,12,14
28,2,26,0
28,24,1,3
28,4,24,0
28,2,8,18
28,16,10,2
28,1,3,24
28,19,0,9
28,8,20,0
28,3,6,19
28,5,23,0
28,1,8,19
28,8,17,3
28,3,23,2
28,5,6,17
28,19,9,0
28,3,15,10
28,3,25,0
28,10,16,2
28,1,26,1
28,24,1,3
28,17,6,5
28,4,3,21
28,13,14,1
28,11,15,2
28,12,16,0
28,4,24,0
28,2,25,1
28,5,17,6
28,13,13,2
28,8,12,8
28,7,9,12
27,3,24,0
27,24,2,1
27,2,24,1
27,1,6,20
27,3,24,0
27,23,1,3
27,2,25,0
27,3,20,4
27,12,9,6
27,1,0,26
27,2,6,19
27,4,23,0
27,1,9,17
27,1,7,19
27,2,24,1
27,11,15,1
27,22,5,0
27,3,11,13
27,12,11,4
27,8,2,17
27,5,21,1
27,6,1,20
27,1,7,19
27,10,17,0
27,3,24,0
27,8,18,1
27,17,10,0
27,9,7,11
27,1,19,7
27,15,9,3
27,10,16,1
27,14,11,2
27,3,24,0
27,14,13,0
27,17,9,1
27,2,2,23
27,1,0,26
27,1,5,21
27,13,12,2
27,1,6,20
27,11,16,0
27,5,22,0
27,1,13,13
27,1,4,22
27,10,12,5
27,1,18,8
27,1,10,16
27,6,13,8
27,20,1,6
27,12,15,0
27,8,15,4
27,10,9,8
27,15,11,1
27,6,20,1
27,2,23,2
27,10,1,16
27,1,2,24
27,1,3,23
27,16,6,5
27,3,24,0
27,7,2,18
27,1,9,17
27,13,13,1
27,11,6,10
27,4,23,0
27,1,2,24
27,7,18,2
27,8,16,3
27,12,15,0
27,2,20,5
27,4,22,1
27,7,10,10
27,1,0,26
27,4,10,13
27,12,11,4
27,23,1,3
27,1,9,17
27,13,9,5
27,8,17,2
27,17,10,0
27,1,6,20
27,20,3,4
27,6,18,3
27,9,16,2
27,3,5,19
27,1,5,21
27,10,13,4
27,1,0,26
27,12,6,9
27,16,9,2
27,2,22,3
27,13,13,1
27,18,9,0
27,6,20,1
27,15,12,0
27,19,7,1
27,16,6,5
27,14,9,4
27,11,10,6
27,2,22,3
27,21,2,4
27,5,9,13
27,1,0,26
27,16,10,1
27,13,13,1
27,9,18,0
27,5,21,1
27,1,8,18
27,10,15,2
27,16,10,1
27,11,13,3
27,1,5,21
27,5,20,2
27,5,20,2
27,13,14,0
27,9,17,1
27,9,4,14
27,3,24,0
27,1,2,24
27,1,5,21
27,8,19,0
27,1,7,19
27,10,16,1
27,3,20,4
27,9,16,2
26,5,18,3
26,6,18,2
26,11,10,5
26,12,5,9
26,1,25,0
26,3,5,18
26,9,10,7
26,3,23,0
26,11,13,2
26,1,13,12
26,1,11,14
26,1,8,17
26,3,23,0
26,10,16,0
26,1,1,24
26,15,10,1
26,6,20,0
26,1,9,16
26,1,5,20
26,5,21,0
26,16,9,1
26,1,14,11
26,23,3,0
26,5,21,0
26,6,9,11
26,7,16,3
26,1,3,22
26,4,21,1
26,9,14,3
26,7,3,16
26,6,20,0
26,8,13,5
26,4,12,10
26,8,7,11
26,7,17,2
26,14,11,1
26,1,6,19
26,8,1,17
26,5,20,1
26,1,6,19
26,5,18,3
26,21,5,0
26,2,22,2
26,9,16,1
26,14,6,6
26,1,25,0
26,13,11,2
26,15,5,6
26,1,24,1
26,4,22,0
26,5,19,2
26,1,6,19
26,20,1,5
26,1,3,22
26,2,22,2
26,13,13,0
26,9,16,1
26,4,13,9
26,5,14,7
26,11,13,2
26,4,21,1
26,1,19,6
26,9,14,3
26,1,8,17
26,2,4,20
26,23,1,2
26,10,4,12
26,2,23,1
26,1,16,9
26,14,11,1
26,9,4,13
26,1,1,24
26,15,10,1
26,1,7,18
26,3,23,0
26,1,14,11
26,7,4,15
26,1,2,23
26,8,17,1
26,23,2,1
26,3,19,4
26,3,6,17
26,3,21,2
26,15,10,1
26,14,10,2
26,10,13,3
26,9,15,2
26,16,7,3
26,16,9,1
26,7,17,2
26,1,0,25
26,2,3,21
26,13,10,3
26,2,9,15
26,1,1,24
26,1,16,9
26,7,15,4
26,1,15,10
26,14,11,1
26,2,24,0
26,4,17,5
26,1,0,25
26,8,2,16
26,8,18,0
26,3,8,15
26,2,24,0
26,20,3,3
26,1,1,24
26,1,0,25
26,1,25,0
26,3,19,4
26,6,17,3
26,17,9,0
26,10,14,2
26,15,11,0
26,8,12,6
26,4,18,4
26,18,8,0
26,7,6,13
26,22,0,4
26,2,24,0
26,5,4,17
26,5,20,1
26,15,11,0
26,1,9,16
26,1,3,22
26,6,20,0
26,7,17,2
25,12,3,10
25,9,8,8
25,1,12,12
25,3,4,18
25,7,16,2
25,2,23,0
25,1,0,24
25,1,12,12
25,13,12,0
25,2,22,1
25,1,0,24
25,1,1,23
25,1,24,0
25,14,11,0
25,13,11,1
25,1,7,17
25,1,22,2
25,4,17,4
25,13,11,1
25,10,15,0
25,4,10,11
25,4,11,10
25,13,8,4
25,3,21,1
25,19,3,3
25,1,0,24
25,23,1,1
25,7,4,14
25,1,8,16
25,10,15,0
25,16,9,0
25,1,4,20
25,21,4,0
25,1,24,0
25,7,17,1
25,4,15,6
25,20,4,1
25,1,23,1
25,2,22,1
25,2,23,0
25,21,4,0
25,2,4,19
25,3,21,1
25,5,18,2
25,17,8,0
25,8,8,9
25,4,21,0
25,11,14,0
25,15,8,2
25,8,11,6
25,7,16,2
25,1,1,23
25,6,10,9
25,3,11,11
25,9,10,6
25,3,22,0
25,1,17,7
25,1,5,19
25,1,0,24
25,16,9,0
25,1,4,20
25,1,0,24
25,8,11,6
25,1,5,19
25,1,14,10
25,7,18,0
25,6,19,0
25,1,24,0
25,14,8,3
25,19,2,4
25,1,4,20
25,21,2,2
25,2,14,9
25,9,15,1
25,11,13,1
25,4,18,3
25,19,2,4
25,4,21,0
25,7,14,4
25,20,0,5
25,13,5,7
25,1,22,2
25,1,0,24
25,8,8,9
25,11,12,2
25,2,23,0
25,2,23,0
25,8,7,10
25,12,13,0
25,1,12,12
25,5,13,7
25,1,3,21
25,3,22,0
25,2,23,0
25,13,11,1
25,7,10,8
25,6,18,1
25,22,2,1
25,16,8,1
25,1,1,23
25,4,18,3
25,14,7,4
25,2,7,16
25,6,15,4
25,8,16,1
25,8,14,3
25,7,5,13
25,12,10,3
25,4,16,5
25,9,16,0
25,23,1,1
25,20,1,4
25,11,7,7
25,3,21,1
25,1,4,20
25,5,19,1
25,17,8,0
25,6,19,0
25,3,22,0
25,14,11,0
25,6,19,0
25,22,3,0
25,7,17,1
25,19,0,6
25,12,13,0
25,2,1,22
25,10,2,13
25,1,6,18
25,11,14,0
25,8,17,0
24,1,22,1
24,3,21,0
24,8,16,0
24,6,14,4
24,13,11,0
24,11,13,0
24,3,18,3
24,8,11,5
24,19,4,1
24,6,13,5
24,6,17,1
24,19,5,0
24,13,8,3
24,1,7,16
24,5,8,11
24,3,21,0
24,1,2,21
24,2,22,0
24,8,14,2
24,4,20,0
24,12,9,3
24,3,15,6
24,10,9,5
24,4,7,13
24,1,6,17
24,18,4,2
24,4,19,1
24,2,22,0
24,7,17,0
24,1,19,4
24,1,4,19
24,8,16,0
24,10,13,1
24,6,18,0
24,3,7,14
24,21,1,2
24,9,9,6
24,11,12,1
24,1,8,15
24,18,6,0
24,1,19,4
24,9,15,0
24,1,0,23
24,16,8,0
24,16,6,2
24,8,16,0
24,4,20,0
24,22,1,1
24,1,23,0
24,2,22,0
24,2,22,0
24,4,19,1
24,2,21,1
24,10,8,6
24,12,11,1
24,11,8,5
24,1,4,19
24,1,3,20
24,1,23,0
24,13,10,1
24,15,8,1
24,7,9,8
24,7,4,13
24,6,1,17
24,5,19,0
24,8,11,5
24,3,9,12
24,17,2,5
24,14,10,0
24,1,23,0
24,15,9,0
24,1,1,22
24,10,14,0
24,11,13,0
24,1,18,5
24,11,13,0
24,15,7,2
24,11,13,0
24,8,16,0
24,12,9,3
24,1,16,7
24,5,15,4
24,7,17,0
24,15,6,3
24,1,4,19
24,6,17,1
24,1,1,22
24,18,5,1
24,16,8,0
24,12,9,3
24,1,21,2
24,8,16,0
24,7,4,13
24,9,14,1
24,8,14,2
24,1,2,21
24,4,18,2
24,4,19,1
24,14,9,1
24,1,1,22
24,13,10,1
24,5,15,4
24,5,5,14
24,1,0,23
24,2,20,2
24,16,5,3
24,3,3,18
24,13,11,0
24,8,6,10
24,17,5,2
24,4,20,0
24,1,23,0
24,14,7,3
24,7,15,2
24,13,10,1
24,5,6,13
24,8,10,6
24,1,1,22
24,3,21,0
24,5,19,0
24,2,22,0
24,2,22,0
24,12,10,2
24,5,19,0
24,2,22,0
24,1,7,16
24,1,1,22
24,12,12,0
24,2,16,6
24,3,21,0
24,11,11,2
23,13,10,0
23,2,20,1
23,3,20,0
23,1,3,19
23,17,5,1
23,9,12,2
23,11,12,0
23,4,17,2
23,5,8,10
23,5,3,15
23,12,11,0
23,11,9,3
23,15,7,1
23,3,20,0
23,15,8,0
23,1,18,4
23,14,9,0
23,1,0,22
23,10,13,0
23,1,3,19
23,10,12,1
23,5,13,5
23,1,1,21
23,18,4,1
23,3,19,1
23,6,12,5
23,11,9,3
23,5,10,8
23,8,15,0
23,7,8,8
23,5,15,3
23,5,16,2
23,9,9,5
23,6,12,5
23,13,10,0
23,22,0,1
23,1,0,22
23,2,21,0
23,2,3,18
23,7,16,0
23,8,14,1
23,12,8,3
23,2,3,18
23,6,17,0
23,1,0,22
23,2,13,8
23,4,4,15
23,9,12,2
23,6,16,1
23,1,3,19
23,10,13,0
23,1,0,22
23,3,20,0
23,1,9,13
23,1,7,15
23,9,11,3
23,1,2,20
23,1,2,20
23,7,7,9
23,9,5,9
23,6,17,0
23,7,5,11
23,4,14,5
23,13,10,0
23,1,15,7
23,1,22,0
23,2,21,0
23,1,0,22
23,1,2,20
23,7,16,0
23,21,2,0
23,8,14,1
23,5,17,1
23,1,4,18
23,8,2,13
23,5,16,2
23,14,7,2
23,13,8,2
23,18,5,0
23,1,22,0
23,17,6,0
23,7,3,13
23,1,0,22
23,3,16,4
23,1,1,21
23,1,0,22
23,13,8,2
23,7,16,0
23,16,7,0
23,13,10,0
23,12,11,0
23,1,4,18
23,4,1,18
23,1,0,22
23,1,0,22
23,1,0,22
23,13,6,4
23,9,4,10
23,9,6,8
23,14,9,0
23,8,15,0
23,13,5,5
23,21,1,1
23,14,1,8
23,6,16,1
23,15,6,2
23,1,10,12
23,7,9,7
23,20,2,1
23,4,18,1
23,11,9,3
23,2,20,1
23,14,9,0
23,12,3,8
23,18,3,2
23,14,6,3
23,3,1,19
23,2,0,21
23,3,15,5
23,4,13,6
23,1,0,22
23,2,21,0
23,10,10,3
23,10,6,7
23,1,18,4
23,22,1,0
23,12,9,2
23,7,9,7
23,4,15,4
23,5,17,1
23,3,13,7
23,3,20,0
23,13,8,2
23,1,1,21
23,8,8,7
23,3,2,18
23,11,11,1
23,16,1,6
23,4,17,2
23,1,1,21
23,9,12,2
23,1,1,21
23,3,16,4
23,9,14,0
23,3,20,0
23,3,14,6
23,6,15,2
23,15,6,2
23,1,22,0
23,12,9,2
23,2,20,1
22,19,2,1
22,3,19,0
22,16,4,2
22,5,17,0
22,7,12,3
22,8,13,1
22,7,13,2
22,10,2,10
22,6,13,3
22,2,17,3
22,8,13,1
22,2,20,0
22,8,14,0
22,7,12,3
22,4,17,1
22,12,8,2
22,18,2,2
22,6,16,0
22,3,11,8
22,6,14,2
22,6,8,8
22,7,12,3
22,2,4,16
22,1,0,21
22,1,3,18
22,3,18,1
22,3,4,15
22,2,20,0
22,10,11,1
22,3,19,0
22,11,3,8
22,4,18,0
22,3,18,1
22,3,8,11
22,1,5,16
22,2,8,12
22,3,0,19
22,5,3,14
22,3,18,1
22,4,9,9
22,4,18,0
22,17,5,0
22,13,9,0
22,15,6,1
22,21,1,0
22,8,3,11
22,1,9,12
22,1,7,14
22,15,4,3
22,10,1,11
22,21,1,0
22,7,13,2
22,9,13,0
22,7,14,1
22,15,6,1
22,11,9,2
22,3,16,3
22,6,1,15
22,1,0,21
22,11,10,1
22,17,5,0
22,3,13,6
22,9,13,0
22,14,8,0
22,4,18,0
22,4,7,11
22,8,3,11
22,20,1,1
22,4,18,0
22,1,0,21
22,15,7,0
22,2,19,1
22,13,7,2
22,3,8,11
22,8,11,3
22,12,9,1
22,1,8,13
22,4,17,1
22,1,0,21
22,6,15,1
22,15,6,1
22,2,20,0
22,8,9,5
22,15,3,4
22,13,8,1
22,1,3,18
22,4,16,2
22,13,8,1
22,15,1,6
22,1,2,19
22,20,1,1
22,10,11,1
22,11,9,2
22,4,16,2
22,13,8,1
22,10,6,6
22,1,21,0
22,17,1,4
22,3,12,7
22,5,17,0
22,9,8,5
22,1,0,21
22,1,0,21
22,3,5,14
22,3,19,0
22,1,16,5
22,11,9,2
22,2,17,3
22,15,6,1
22,8,14,0
22,15,1,6
22,6,16,0
22,7,15,0
22,1,21,0
22,1,7,14
22,16,5,1
22,7,9,6
22,1,3,18
22,2,4,16
22,1,1,20
22,15,3,4
22,16,6,0
22,2,4,16
22,7,2,13
22,1,0,21
22,14,8,0
22,1,0,21
22,16,2,4
22,2,20,0
22,2,6,14
22,4,18,0
22,5,7,10
22,1,0,21
22,1,21,0
22,9,8,5
22,9,9,4
22,1,0,21
22,15,4,3
22,6,7,9
22,7,11,4
22,6,16,0
22,7,10,5
22,3,14,5
22,1,10,11
22,1,20,1
22,2,19,1
22,10,7,5
22,20,0,2
22,1,3,18
22,1,3,18
22,5,17,0
22,1,21,0
22,10,12,0
22,13,9,0
22,5,15,2
22,1,18,3
22,12,7,3
22,5,17,0
22,13,8,1
22,19,3,0
22,12,9,1
22,3,18,1
22,8,4,10
22,8,12,2
22,11,11,0
22,11,9,2
22,5,12,5
21,17,4,0
21,1,3,17
21,7,14,0
21,2,17,2
21,16,2,3
21,3,17,1
21,10,8,3
21,5,15,1
21,5,3,13
21,13,2,6
21,1,6,14
21,15,5,1
21,5,8,8
21,1,20,0
21,4,6,11
21,4,17,0
21,5,16,0
21,9,12,0
21,6,13,2
21,1,2,18
21,6,14,1
21,11,5,5
21,1,5,15
21,13,7,1
21,1,0,20
21,8,11,2
21,1,1,19
21,7,11,3
21,12,6,3
21,1,2,18
21,1,13,7
21,9,7,5
21,16,1,4
21,5,7,9
21,1,18,2
21,9,12,0
21,4,14,3
21,12,2,7
21,1,15,5
21,1,4,16
21,4,15,2
21,2,10,9
21,9,9,3
21,1,20,0
21,6,15,0
21,9,11,1
21,2,14,5
21,14,4,3
21,19,2,0
21,2,11,8
21,21,0,0
21,1,19,1
21,4,11,6
21,1,2,18
21,7,14,0
21,3,16,2
21,1,3,17
21,3,17,1
21,17,4,0
21,11,10,0
21,1,1,19
21,3,3,15
21,12,6,3
21,3,18,0
21,4,17,0
21,20,0,1
21,5,13,3
21,1,4,16
21,4,16,1
21,19,0,2
21,5,11,5
21,13,7,1
21,1,0,20
21,2,13,6
21,16,5,0
21,17,3,1
21,1,16,4
21,14,5,2
21,6,15,0
21,15,4,2
21,4,16,1
21,12,6,3
21,8,12,1
21,3,18,0
21,7,13,1
21,9,10,2
21,5,15,1
21,8,13,0
21,1,0,20
21,11,8,2
21,3,18,0
21,12,9,0
21,3,15,3
21,12,9,0
21,7,11,3
21,3,2,16
21,8,13,0
21,13,8,0
21,4,14,3
21,2,19,0
21,9,8,4
21,1,10,10
21,1,18,2
21,4,17,0
21,16,4,1
21,8,8,5
21,5,16,0
21,2,19,0
21,8,2,11
21,4,11,6
21,2,19,0
21,14,4,3
21,13,8,0
21,13,5,3
21,1,2,18
21,1,1,19
21,15,3,3
21,3,12,6
21,15,4,2
21,2,4,15
21,19,1,1
21,8,13,0
21,1,3,17
21,4,7,10
21,4,4,13
21,8,5,8
21,5,3,13
21,19,2,0
21,1,1,19
21,10,10,1
21,7,12,2
21,14,2,5
21,5,11,5
21,6,9,6
21,5,10,6
21,3,13,5
21,4,17,0
21,7,12,2
21,10,9,2
21,4,8,9
21,21,0,0
21,9,9,3
21,11,10,0
21,18,2,1
21,13,7,1
21,1,4,16
21,13,7,1
21,1,6,14
21,3,16,2
21,10,10,1
21,8,9,4
21,8,13,0
21,6,15,0
21,2,14,5
21,7,14,0
21,4,3,14
21,9,8,4
21,10,11,0
21,2,18,1
21,1,0,20
21,2,18,1
21,2,19,0
21,12,7,2
21,10,9,2
21,10,11,0
21,4,8,9
21,11,6,4
21,7,14,0
21,1,19,1
21,7,13,1
21,6,8,7
21,4,16,1
21,4,9,8
21,1,20,0
21,1,10,10
21,14,6,1
21,7,14,0
21,1,0,20
21,8,13,0
21,4,8,9
21,15,4,2
21,3,12,6
21,11,10,0
21,3,17,1
21,1,0,20
21,1,0,20
21,1,0,20
21,9,3,9
21,6,2,13
21,2,18,1
21,12,8,1
21,16,2,3
21,17,2,2
21,4,8,9
21,4,5,12
21,8,11,2
21,3,10,8
21,2,19,0
21,6,10,5
21,12,5,4
21,1,3,17
21,2,19,0
21,13,4,4
21,5,16,0
21,1,1,19
21,8,11,2
21,15,5,1
21,5,15,1
21,4,15,2
21,6,13,2
21,17,2,2
20,5,3,12
20,2,15,3
20,18,1,1
20,14,2,4
20,4,16,0
20,12,4,4
20,3,16,1
20,1,19,0
20,13,6,1
20,8,2,10
20,1,19,0
20,2,11,7
20,1,9,10
20,1,0,19
20,6,13,1
20,18,1,1
20,8,8,4
20,3,17,0
20,4,14,2
20,7,11,2
20,17,1,2
20,2,18,0
20,20,0,0
20,3,7,10
20,6,3,11
20,8,4,8
20,5,6,9
20,2,18,0
20,8,7,5
20,12,6,2
20,7,10,3
20,2,0,18
20,4,15,1
20,6,14,0
20,9,6,5
20,17,0,3
20,5,10,5
20,3,17,0
20,1,0,19
20,12,5,3
20,12,8,0
20,8,11,1
20,5,3,12
20,9,11,0
20,8,7,5
20,2,15,3
20,1,1,18
20,16,2,2
20,2,7,11
20,16,1,3
20,4,16,0
20,5,11,4
20,1,19,0
20,8,12,0
20,3,17,0
20,6,9,5
20,5,13,2
20,6,14,0
20,14,6,0
20,14,1,5
20,14,3,3
20,1,19,0
20,3,3,14
20,6,4,10
20,1,0,19
20,3,11,6
20,3,1,16
20,13,7,0
20,2,18,0
20,15,3,2
20,1,0,19
20,1,0,19
20,3,14,3
20,3,13,4
20,14,2,4
20,5,15,0
20,1,4,15
20,4,1,15
20,2,7,11
20,1,0,19
20,18,2,0
20,2,1,17
20,1,0,19
20,4,11,5
20,13,6,1
20,6,5,9
20,1,2,17
20,3,17,0
20,8,12,0
20,17,1,2
20,5,11,4
20,4,6,10
20,10,10,0
20,7,10,3
20,9,8,3
20,4,16,0
20,14,6,0
20,1,19,0
20,9,9,2
20,6,5,9
20,13,6,1
20,1,3,16
20,4,15,1
20,5,15,0
20,6,7,7
20,6,14,0
20,19,0,1
20,3,5,12
20,1,9,10
20,19,1,0
20,5,14,1
20,8,11,1
20,15,3,2
20,11,9,0
20,1,6,13
20,5,15,0
20,3,13,4
20,11,5,4
20,7,4,9
20,6,14,0
20,9,11,0
20,10,6,4
20,14,2,4
20,11,1,8
20,19,1,0
20,11,3,6
20,1,10,9
20,1,13,6
20,6,8,6
20,2,16,2
20,13,4,3
20,6,13,1
20,1,11,8
20,14,5,1
20,9,10,1
20,15,1,4
20,1,19,0
20,4,15,1
20,1,11,8
20,7,12,1
20,1,0,19
20,3,16,1
20,11,9,0
20,9,9,2
20,1,16,3
20,3,17,0
20,5,2,13
20,2,18,0
20,15,2,3
20,5,3,12
20,6,12,2
20,16,4,0
20,7,5,8
20,4,4,12
20,8,8,4
20,4,5,11
20,1,9,10
20,18,2,0
20,5,15,0
20,6,13,1
20,10,3,7
20,4,15,1
20,4,6,10
20,12,6,2
20,6,14,0
20,9,10,1
20,5,15,0
20,17,0,3
20,1,15,4
20,7,6,7
20,14,4,2
20,4,4,12
20,3,3,14
20,12,7,1
20,17,1,2
20,4,16,0
20,3,14,3
20,1,2,17
20,5,14,1
20,17,1,2
20,11,9,0
20,2,18,0
20,5,15,0
20,3,10,7
20,10,4,6
19,3,14,2
19,6,13,0
19,1,15,3
19,6,6,7
19,2,17,0
19,3,10,6
19,11,6,2
19,12,7,0
19,1,17,1
19,3,8,8
19,2,3,14
19,5,14,0
19,13,4,2
19,1,10,8
19,3,13,3
19,6,10,3
19,8,11,0
19,17,0,2
19,4,15,0
19,9,8,2
19,3,16,0
19,1,0,18
19,18,1,0
19,9,10,0
19,1,0,18
19,6,13,0
19,3,8,8
19,10,9,0
19,8,1,10
19,11,5,3
19,4,5,10
19,17,0,2
19,4,15,0
19,5,14,0
19,4,15,0
19,2,14,3
19,11,8,0
19,12,7,0
19,13,5,1
19,11,8,0
19,16,2,1
19,1,1,17
19,2,15,2
19,3,9,7
19,1,0,18
19,10,4,5
19,1,0,18
19,3,12,4
19,5,11,3
19,10,3,6
19,8,5,6
19,2,17,0
19,10,7,2
19,4,6,9
19,3,9,7
19,14,4,1
19,5,14,0
19,2,17,0
19,15,3,1
19,3,11,5
19,3,16,0
19,7,12,0
19,6,7,6
19,3,9,7
19,1,0,18
19,9,5,5
19,6,11,2
19,11,5,3
19,3,9,7
19,11,7,1
19,10,4,5
19,14,0,5
19,2,17,0
19,2,17,0
19,1,0,18
19,3,14,2
19,11,8,0
19,14,3,2
19,1,18,0
19,10,9,0
19,18,1,0
19,6,13,0
19,5,11,3
19,1,18,0
19,15,4,0
19,9,10,0
19,8,11,0
19,7,12,0
19,13,4,2
19,13,5,1
19,7,3,9
19,2,3,14
19,11,6,2
19,8,10,1
19,3,9,7
19,3,11,5
19,5,14,0
19,3,14,2
19,1,18,0
19,16,0,3
19,1,1,17
19,7,3,9
19,12,7,0
19,11,8,0
19,1,14,4
19,4,15,0
19,1,18,0
19,1,1,17
19,1,1,17
19,1,0,18
19,15,3,1
19,14,1,4
19,1,0,18
19,1,2,16
19,2,17,0
19,2,12,5
19,1,0,18
19,5,14,0
19,1,2,16
19,19,0,0
19,12,6,1
19,9,5,5
19,6,12,1
19,5,14,0
19,8,8,3
19,13,3,3
19,3,10,6
19,1,16,2
19,3,2,14
19,16,2,1
19,3,4,12
19,1,5,13
19,4,5,10
19,7,12,0
19,2,6,11
19,5,14,0
19,1,1,17
19,19,0,0
19,3,14,2
19,12,6,1
19,12,4,3
19,8,2,9
19,9,3,7
19,1,16,2
19,12,4,3
19,3,15,1
19,6,1,12
19,9,6,4
19,10,4,5
19,6,7,6
19,1,14,4
19,2,17,0
19,1,1,17
19,11,3,5
19,17,2,0
19,7,12,0
19,13,5,1
19,2,13,4
19,10,6,3
19,9,4,6
19,12,6,1
19,6,6,7
19,6,4,9
19,6,13,0
19,16,3,0
19,4,15,0
19,7,7,5
19,1,17,1
19,1,10,8
19,13,4,2
19,1,18,0
19,6,10,3
19,3,15,1
19,3,15,1
19,3,4,12
19,2,17,0
19,1,0,18
19,9,10,0
19,6,13,0
19,6,3,10
19,4,3,12
19,2,14,3
19,6,10,3
19,1,16,2
19,3,15,1
19,11,8,0
18,2,16,0
18,6,10,2
18,14,4,0
18,9,4,5
18,10,7,1
18,1,0,17
18,4,10,4
18,3,7,8
18,1,0,17
18,14,0,4
18,8,8,2
18,4,10,4
18,9,8,1
18,1,0,17
18,15,2,1
18,13,5,0
18,1,0,17
18,12,1,5
18,5,13,0
18,3,15,0
18,7,11,0
18,1,5,12
18,12,6,0
18,1,9,8
18,2,16,0
18,2,16,0
18,3,1,14
18,6,10,2
18,3,15,0
18,2,2,14
18,6,11,1
18,2,16,0
18,6,1,11
18,1,11,6
18,1,2,15
18,2,11,5
18,6,11,1
18,1,0,17
18,4,14,0
18,1,17,0
18,10,8,0
18,2,2,14
18,5,3,10
18,1,0,17
18,5,9,4
18,6,7,5
18,7,10,1
18,2,16,0
18,2,13,3
18,5,13,0
18,2,16,0
18,7,10,1
18,3,15,0
18,1,1,16
18,11,7,0
18,2,14,2
18,8,9,1
18,1,0,17
18,11,5,2
18,10,4,4
18,8,9,1
18,3,8,7
18,11,3,4
18,11,6,1
18,14,3,1
18,11,5,2
18,16,2,0
18,3,15,0
18,1,17,0
18,8,8,2
18,1,8,9
18,17,0,1
18,8,10,0
18,10,5,3
18,13,4,1
18,8,10,0
18,8,4,6
18,9,5,4
18,5,12,1
18,1,0,17
18,11,7,0
18,8,3,7
18,7,7,4
18,1,1,16
18,1,0,17
18,4,8,6
18,4,10,4
18,7,10,1
18,8,7,3
18,8,10,0
18,10,8,0
18,2,10,6
18,3,5,10
18,7,3,8
18,15,0,3
18,1,0,17
18,2,16,0
18,6,11,1
18,12,6,0
18,1,0,17
18,7,11,0
18,6,11,1
18,14,2,2
18,16,0,2
18,3,6,9
18,16,2,0
18,6,12,0
18,10,8,0
18,7,7,4
18,2,16,0
18,10,8,0
18,7,8,3
18,5,12,1
18,6,11,1
18,1,0,17
18,11,5,2
18,11,6,1
18,6,10,2
18,1,17,0
18,3,14,1
18,2,5,11
18,6,11,1
18,1,4,13
18,3,6,9
18,8,3,7
18,7,6,5
18,14,0,4
18,5,11,2
18,1,0,17
18,15,3,0
18,6,12,0
18,5,7,6
18,4,14,0
18,11,5,2
18,6,10,2
18,12,3,3
18,1,0,17
18,9,8,1
18,5,13,0
18,1,1,16
18,7,11,0
18,4,13,1
18,12,6,0
18,3,14,1
18,9,7,2
18,1,0,17
18,2,6,10
18,6,9,3
18,1,1,16
18,1,5,12
18,5,12,1
18,4,4,10
18,1,16,1
18,15,2,1
18,7,11,0
18,8,7,3
18,7,2,9
18,3,15,0
18,14,0,4
18,7,11,0
18,7,8,3
18,6,5,7
18,7,10,1
18,4,12,2
18,2,14,2
18,1,17,0
18,10,8,0
18,11,7,0
18,11,6,1
18,1,6,11
18,11,7,0
18,4,14,0
18,13,5,0
18,14,1,3
18,10,0,8
18,7,10,1
18,1,17,0
18,1,8,9
18,3,6,9
18,2,11,5
18,6,9,3
18,7,2,9
18,8,8,2
18,3,15,0
18,2,16,0
18,4,13,1
18,12,6,0
18,4,8,6
18,10,8,0
18,4,14,0
18,15,2,1
18,4,11,3
18,7,11,0
18,3,13,2
18,10,4,4
18,5,10,3
18,5,13,0
18,6,6,6
18,14,2,2
18,9,9,0
18,13,5,0
18,4,14,0
18,6,11,1
18,2,15,1
18,17,1,0
18,15,3,0
18,4,13,1
18,11,6,1
18,4,3,11
18,13,0,5
18,8,9,1
18,14,1,3
18,9,7,2
18,11,7,0
18,10,5,3
18,15,3,0
18,2,16,0
18,1,17,0
17,11,3,3
17,10,7,0
17,2,14,1
17,2,14,1
17,1,0,16
17,12,5,0
17,1,0,16
17,11,6,0
17,2,15,0
17,12,5,0
17,3,5,9
17,1,16,0
17,1,10,6
17,12,4,1
17,7,7,3
17,6,11,0
17,4,13,0
17,9,6,2
17,2,8,7
17,13,4,0
17,5,12,0
17,7,10,0
17,11,4,2
17,1,16,0
17,8,3,6
17,11,5,1
17,13,2,2
17,12,4,1
17,13,3,1
17,5,10,2
17,2,3,12
17,9,8,0
17,2,9,6
17,9,6,2
17,5,12,0
17,2,14,1
17,1,1,15
17,5,8,4
17,10,7,0
17,7,9,1
17,10,7,0
17,10,7,0
17,9,6,2
17,3,14,0
17,7,8,2
17,4,13,0
17,8,3,6
17,5,7,5
17,5,2,10
17,1,16,0
17,10,4,3
17,2,15,0
17,8,5,4
17,5,12,0
17,6,11,0
17,3,14,0
17,8,9,0
17,1,0,16
17,7,9,1
17,7,7,3
17,15,2,0
17,1,0,16
17,5,12,0
17,9,5,3
17,1,13,3
17,6,6,5
17,8,6,3
17,10,0,7
17,16,1,0
17,7,5,5
17,6,8,3
17,3,14,0
17,2,15,0
17,1,5,11
17,6,11,0
17,11,6,0
17,13,2,2
17,2,6,9
17,7,9,1
17,8,8,1
17,2,14,1
17,13,0,4
17,6,11,0
17,14,1,2
17,7,4,6
17,3,14,0
17,6,8,3
17,9,4,4
17,3,10,4
17,4,2,11
17,1,15,1
17,3,11,3
17,3,3,11
17,6,6,5
17,16,1,0
17,1,0,16
17,4,12,1
17,8,9,0
17,8,6,3
17,4,2,11
17,1,0,16
17,1,16,0
17,1,0,16
17,11,3,3
17,17,0,0
17,10,3,4
17,9,5,3
17,2,10,5
17,16,1,0
17,3,14,0
17,7,7,3
17,2,13,2
17,1,14,2
17,12,3,2
17,11,3,3
17,10,3,4
17,3,10,4
17,15,1,1
17,12,5,0
17,13,4,0
17,5,6,6
17,1,2,14
17,3,14,0
17,1,16,0
17,8,9,0
17,1,16,0
17,1,0,16
17,3,14,0
17,1,1,15
17,12,5,0
17,7,5,5
17,1,14,2
17,6,8,3
17,13,3,1
17,3,14,0
17,15,2,0
17,12,4,1
17,9,8,0
17,1,1,15
17,10,7,0
17,1,15,1
17,8,7,2
17,1,0,16
17,2,12,3
17,1,5,11
17,3,5,9
17,5,8,4
17,10,5,2
17,6,8,3
17,1,7,9
17,2,6,9
17,2,0,15
17,3,3,11
17,9,6,2
17,6,8,3
17,3,1,13
17,13,1,3
17,1,1,15
17,7,4,6
17,3,4,10
17,10,4,3
17,5,10,2
17,8,9,0
17,7,10,0
17,8,8,1
17,12,1,4
17,8,4,5
17,4,13,0
17,4,11,2
17,1,9,7
17,5,5,7
17,3,13,1
17,5,11,1
17,9,8,0
17,4,11,2
17,13,4,0
17,2,15,0
17,7,8,2
17,4,12,1
17,3,11,3
17,7,6,4
17,5,9,3
17,1,10,6
17,3,0,14
17,4,13,0
17,7,7,3
17,2,15,0
17,5,12,0
17,2,14,1
17,1,16,0
17,15,1,1
17,12,4,1
17,17,0,0
17,1,16,0
17,2,7,8
17,14,1,2
17,7,5,5
17,7,6,4
17,10,6,1
17,8,7,2
17,9,7,1
17,1,0,16
17,11,1,5
17,9,6,2
17,10,6,1
17,3,8,6
17,2,13,2
17,1,16,0
17,1,0,16
17,10,5,2
17,1,0,16
17,1,16,0
17,11,0,6
17,10,5,2
17,1,3,13
17,1,0,16
17,1,0,16
17,2,15,0
17,1,16,0
17,7,6,4
17,17,0,0
17,15,1,1
17,2,10,5
17,2,5,10
17,2,7,8
17,2,14,1
17,4,12,1
17,9,6,2
17,5,9,3
17,4,13,0
17,2,15,0
17,10,3,4
17,2,0,15
17,9,8,0
17,2,14,1
17,9,8,0
17,5,3,9
17,2,14,1
17,2,15,0
17,1,0,16
17,1,2,14
17,1,16,0
17,6,10,1
17,13,2,2
17,6,10,1
17,8,9,0
17,1,8,8
17,16,0,1
17,9,8,0
17,2,14,1
17,10,5,2
17,2,15,0
17,3,14,0
17,11,6,0
17,2,15,0
17,3,13,1
16,6,10,0
16,7,5,4
16,1,0,15
16,8,8,0
16,3,13,0
16,1,12,3
16,5,9,2
16,7,7,2
16,9,7,0
16,14,2,0
16,1,0,15
16,1,0,15
16,5,4,7
16,1,0,15
16,1,3,12
16,2,9,5
16,11,3,2
16,1,7,8
16,3,13,0
16,2,14,0
16,12,2,2
16,2,11,3
16,7,9,0
16,9,6,1
16,9,7,0
16,10,5,1
16,4,12,0
16,10,5,1
16,13,1,2
16,2,13,1
16,8,8,0
16,4,12,0
16,12,3,1
16,4,12,0
16,4,4,8
16,9,6,1
16,1,15,0
16,5,3,8
16,6,10,0
16,1,0,15
16,10,6,0
16,7,2,7
16,6,8,2
16,1,0,15
16,6,9,1
16,10,6,0
16,2,11,3
16,2,13,1
16,11,2,3
16,11,1,4
16,14,2,0
16,8,2,6
16,8,7,1
16,8,2,6
16,2,14,0
16,11,3,2
16,1,8,7
16,7,9,0
16,3,8,5
16,3,3,10
16,6,7,3
16,10,3,3
16,3,7,6
16,1,15,0
16,2,13,1
16,4,12,0
16,2,14,0
16,12,3,1
16,3,4,9
16,3,10,3
16,4,12,0
16,4,6,6
16,13,2,1
16,1,2,13
16,6,4,6
16,1,15,0
16,15,1,0
16,8,7,1
16,1,0,15
16,7,7,2
16,5,11,0
16,3,13,0
16,11,2,3
16,3,12,1
16,10,5,1
16,5,11,0
16,4,12,0
16,3,13,0
16,8,6,2
16,1,0,15
16,4,9,3
16,2,8,6
16,1,15,0
16,7,3,6
16,5,10,1
16,2,14,0
16,2,14,0
16,7,2,7
16,11,2,3
16,2,12,2
16,7,3,6
16,1,0,15
16,5,3,8
16,2,7,7
16,6,6,4
16,9,3,4
16,13,1,2
16,6,9,1
16,9,7,0
16,1,15,0
16,1,3,12
16,3,12,1
16,1,15,0
16,1,2,13
16,3,13,0
16,16,0,0
16,3,12,1
16,6,0,10
16,3,12,1
16,5,1,10
16,3,13,0
16,3,4,9
16,1,0,15
16,1,0,15
16,8,8,0
16,1,0,15
16,5,4,7
16,8,5,3
16,13,3,0
16,11,5,0
16,10,4,2
16,6,9,1
16,2,13,1
16,4,2,10
16,13,2,1
16,5,7,4
16,4,11,1
16,1,0,15
16,5,11,0
16,1,15,0
16,14,1,1
16,12,1,3
16,11,3,2
16,7,8,1
16,10,2,4
16,1,15,0
16,10,4,2
16,5,2,9
16,8,2,6
16,4,11,1
16,1,0,15
16,11,3,2
16,2,13,1
16,1,10,5
16,5,8,3
16,14,1,1
16,10,4,2
16,8,6,2
16,1,15,0
16,2,4,10
16,3,7,6
16,4,12,0
16,6,10,0
16,1,0,15
16,1,15,0
16,7,9,0
16,8,7,1
16,8,7,1
16,6,9,1
16,8,6,2
16,11,4,1
16,6,3,7
16,7,8,1
16,9,7,0
16,3,11,2
16,2,14,0
16,2,4,10
16,6,9,1
16,6,8,2
16,4,12,0
16,3,12,1
16,1,0,15
16,3,11,2
16,14,2,0
16,1,12,3
16,7,3,6
16,1,12,3
16,12,4,0
16,2,13,1
16,4,10,2
16,1,15,0
16,9,5,2
16,14,1,1
16,13,3,0
16,4,9,3
16,2,3,11
16,1,0,15
16,3,13,0
16,6,7,3
16,5,11,0
16,9,7,0
16,12,4,0
16,4,11,1
16,8,3,5
16,10,2,4
16,10,5,1
16,1,0,15
16,5,9,2
16,3,12,1
16,4,12,0
16,10,5,1
16,7,4,5
16,7,3,6
16,12,4,0
16,3,1,12
16,1,11,4
16,8,5,3
16,1,2,13
16,7,3,6
16,3,12,1
16,1,0,15
16,9,6,1
16,1,14,1
16,1,0,15
16,4,10,2
16,5,11,0
16,10,6,0
16,1,9,6
16,2,4,10
16,6,2,8
16,2,13,1
16,3,13,0
16,4,12,0
16,8,8,0
16,14,1,1
16,1,15,0
16,1,3,12
16,1,0,15
16,5,7,4
16,1,0,15
16,10,6,0
16,3,13,0
16,3,13,0
16,8,7,1
16,2,14,0
16,3,1,12
16,4,2,10
16,2,3,11
16,2,14,0
16,10,4,2
16,12,0,4
16,1,0,15
16,3,11,2
16,6,10,0
16,8,8,0
16,4,12,0
16,14,2,0
16,15,1,0
16,1,10,5
16,13,0,3
16,7,7,2
16,7,9,0
16,9,7,0
16,9,2,5
16,9,7,0
16,12,4,0
16,1,15,0
16,12,2,2
16,7,5,4
16,2,11,3
16,8,7,1
16,3,3,10
16,1,0,15
16,2,6,8
16,6,10,0
16,8,7,1
16,6,10,0
16,7,8,1
16,7,4,5
16,5,9,2
16,5,3,8
16,9,7,0
16,12,4,0
16,14,2,0
16,13,3,0
16,11,2,3
16,7,5,4
16,4,12,0
16,6,7,3
16,1,15,0
16,10,6,0
16,1,10,5
16,1,0,15
16,1,15,0
16,2,14,0
16,11,5,0
16,3,5,8
16,5,11,0
16,2,10,4
16,2,14,0
16,11,3,2
15,14,0,1
15,4,9,2
15,3,11,1
15,15,0,0
15,11,4,0
15,1,0,14
15,5,1,9
15,7,4,4
15,3,6,6
15,14,0,1
15,3,11,1
15,13,1,1
15,3,11,1
15,14,1,0
15,2,13,0
15,2,10,3
15,2,13,0
15,1,11,3
15,2,12,1
15,1,5,9
15,10,5,0
15,9,6,0
15,2,0,13
15,1,0,14
15,1,14,0
15,10,5,0
15,13,0,2
15,3,12,0
15,3,7,5
15,8,6,1
15,1,2,12
15,13,0,2
15,8,6,1
15,11,4,0
15,10,5,0
15,5,10,0
15,3,7,5
15,1,11,3
15,3,12,0
15,4,11,0
15,14,1,0
15,2,13,0
15,7,7,1
15,2,1,12
15,7,8,0
15,4,5,6
15,3,11,1
15,5,9,1
15,1,12,2
15,14,0,1
15,9,5,1
15,3,5,7
15,5,10,0
15,5,3,7
15,8,4,3
15,1,13,1
15,3,11,1
15,2,2,11
15,8,7,0
15,4,11,0
15,8,7,0
15,3,12,0
15,14,1,0
15,4,11,0
15,2,13,0
15,2,9,4
15,1,14,0
15,15,0,0
15,4,6,5
15,10,3,2
15,4,11,0
15,11,4,0
15,1,0,14
15,3,11,1
15,6,5,4
15,4,10,1
15,12,1,2
15,5,9,1
15,10,5,0
15,11,3,1
15,15,0,0
15,6,9,0
15,8,7,0
15,4,11,0
15,3,8,4
15,5,6,4
15,7,8,0
15,1,14,0
15,1,12,2
15,1,13,1
15,11,1,3
15,11,4,0
15,1,9,5
15,8,7,0
15,4,11,0
15,2,13,0
15,10,5,0
15,11,3,1
15,4,5,6
15,1,14,0
15,2,11,2
15,1,8,6
15,1,14,0
15,1,0,14
15,3,12,0
15,11,2,2
15,6,4,5
15,11,4,0
15,14,1,0
15,6,9,0
15,8,7,0
15,10,2,3
15,5,6,4
15,6,9,0
15,7,8,0
15,1,14,0
15,15,0,0
15,8,4,3
15,15,0,0
15,1,0,14
15,2,13,0
15,10,3,2
15,9,5,1
15,11,3,1
15,11,4,0
15,8,5,2
15,3,12,0
15,4,6,5
15,10,4,1
15,7,8,0
15,3,12,0
15,5,7,3
15,2,6,7
15,3,12,0
15,1,5,9
15,15,0,0
15,6,9,0
15,1,13,1
15,3,12,0
15,1,9,5
15,7,4,4
15,1,3,11
15,3,12,0
15,5,7,3
15,3,12,0
15,1,0,14
15,2,4,9
15,1,6,8
15,3,12,0
15,2,13,0
15,2,5,8
15,14,1,0
15,3,12,0
15,2,12,1
15,8,7,0
15,4,5,6
15,10,3,2
15,7,7,1
15,5,7,3
15,11,1,3
15,13,2,0
15,4,6,5
15,7,8,0
15,6,9,0
15,2,1,12
15,2,6,7
15,1,14,0
15,4,11,0
15,8,4,3
15,3,12,0
15,3,12,0
15,7,8,0
15,2,8,5
15,1,14,0
15,2,11,2
15,2,3,10
15,6,3,6
15,10,1,4
15,8,6,1
15,8,2,5
15,10,4,1
15,4,11,0
15,3,11,1
15,4,7,4
15,2,0,13
15,2,12,1
15,8,2,5
15,1,5,9
15,4,10,1
15,9,5,1
15,8,5,2
15,8,6,1
15,3,12,0
15,2,13,0
15,10,4,1
15,3,12,0
15,14,0,1
15,6,7,2
15,3,10,2
15,4,9,2
15,3,11,1
15,1,0,14
15,3,12,0
15,8,7,0
15,1,0,14
15,1,13,1
15,11,0,4
15,5,9,1
15,2,13,0
15,9,5,1
15,7,8,0
15,5,6,4
15,2,13,0
15,9,6,0
15,5,10,0
15,3,10,2
15,3,9,3
15,3,7,5
15,2,13,0
15,1,1,13
15,8,6,1
15,1,0,14
15,3,12,0
15,3,9,3
15,5,10,0
15,7,8,0
15,1,10,4
15,12,1,2
15,3,11,1
15,2,13,0
15,5,9,1
15,5,3,7
15,7,8,0
15,1,6,8
15,8,7,0
15,14,1,0
15,4,5,6
15,13,2,0
15,5,6,4
15,6,7,2
15,7,7,1
15,7,5,3
15,1,0,14
15,4,5,6
15,5,4,6
15,7,5,3
15,2,10,3
15,1,7,7
15,3,11,1
15,5,10,0
15,13,0,2
15,2,13,0
15,7,6,2
15,5,10,0
15,3,12,0
15,5,9,1
15,4,11,0
15,10,4,1
15,7,6,2
15,1,12,2
15,4,7,4
15,2,12,1
15,1,6,8
15,9,6,0
15,13,1,1
15,2,9,4
15,4,11,0
15,4,11,0
15,5,9,1
15,4,11,0
15,11,3,1
15,11,0,4
15,11,2,2
15,10,5,0
15,2,13,0
15,3,11,1
14,10,3,1
14,2,11,1
14,1,13,0
14,2,7,5
14,9,5,0
14,10,4,0
14,9,2,3
14,8,5,1
14,1,8,5
14,12,1,1
14,7,7,0
14,4,2,8
14,3,11,0
14,9,5,0
14,7,5,2
14,1,11,2
14,3,11,0
14,3,9,2
14,6,4,4
14,2,12,0
14,2,12,0
14,2,12,0
14,8,2,4
14,5,6,3
14,5,5,4
14,1,10,3
14,6,7,1
14,1,4,9
14,1,1,12
14,1,13,0
14,7,4,3
14,2,12,0
14,13,1,0
14,1,4,9
14,4,10,0
14,3,11,0
14,6,6,2
14,11,1,2
14,9,4,1
14,5,9,0
14,7,2,5
14,10,4,0
14,1,8,5
14,5,7,2
14,5,0,9
14,6,8,0
14,13,1,0
14,7,6,1
14,2,1,11
14,9,4,1
14,1,7,6
14,1,13,0
14,12,0,2
14,10,2,2
14,2,12,0
14,1,5,8
14,1,11,2
14,5,7,2
14,4,10,0
14,2,6,6
14,3,3,8
14,3,5,6
14,2,1,11
14,12,1,1
14,1,0,13
14,13,1,0
14,3,10,1
14,3,2,9
14,11,1,2
14,6,6,2
14,5,9,0
14,1,9,4
14,3,6,5
14,5,3,6
14,3,11,0
14,6,8,0
14,3,6,5
14,7,4,3
14,7,7,0
14,3,9,2
14,6,6,2
14,2,4,8
14,5,7,2
14,8,1,5
14,6,8,0
14,1,2,11
14,14,0,0
14,12,0,2
14,1,4,9
14,1,13,0
14,2,12,0
14,3,11,0
14,1,13,0
14,1,13,0
14,2,10,2
14,1,7,6
14,1,13,0
14,1,13,0
14,1,0,13
14,2,12,0
14,2,10,2
14,10,4,0
14,1,13,0
14,3,11,0
14,6,2,6
14,1,0,13
14,13,0,1
14,1,3,10
14,4,10,0
14,1,0,13
14,8,2,4
14,13,1,0
14,1,13,0
14,1,10,3
14,1,12,1
14,2,12,0
14,8,6,0
14,3,11,0
14,4,10,0
14,10,3,1
14,11,2,1
14,9,5,0
14,9,5,0
14,3,2,9
14,4,5,5
14,7,2,5
14,7,6,1
14,10,1,3
14,1,3,10
14,12,2,0
14,12,2,0
14,4,1,9
14,2,12,0
14,7,4,3
14,2,1,11
14,1,13,0
14,9,5,0
14,12,1,1
14,2,3,9
14,3,11,0
14,5,9,0
14,8,2,4
14,4,6,4
14,13,1,0
14,1,0,13
14,4,7,3
14,12,0,2
14,4,2,8
14,7,6,1
14,11,3,0
14,1,0,13
14,3,0,11
14,1,2,11
14,3,9,2
14,4,9,1
14,7,3,4
14,3,6,5
14,6,6,2
14,7,5,2
14,3,9,2
14,5,3,6
14,6,6,2
14,11,2,1
14,10,4,0
14,3,8,3
14,5,4,5
14,11,3,0
14,2,12,0
14,12,0,2
14,6,8,0
14,7,7,0
14,2,12,0
14,2,12,0
14,3,11,0
14,4,8,2
14,1,5,8
14,7,3,4
14,7,5,2
14,10,4,0
14,7,7,0
14,1,10,3
14,5,2,7
14,12,0,2
14,7,5,2
14,2,11,1
14,1,9,4
14,13,1,0
14,8,2,4
14,13,1,0
14,14,0,0
14,5,9,0
14,7,7,0
14,11,2,1
14,3,11,0
14,8,6,0
14,1,13,0
14,2,3,9
14,3,9,2
14,9,3,2
14,4,6,4
14,11,3,0
14,4,9,1
14,1,12,1
14,5,7,2
14,9,3,2
14,10,3,1
14,7,7,0
14,1,0,13
14,4,8,2
14,9,5,0
14,9,5,0
14,5,6,3
14,6,4,4
14,11,3,0
14,8,4,2
14,9,5,0
14,2,11,1
14,3,6,5
14,1,1,12
14,4,8,2
14,5,4,5
14,7,7,0
14,6,3,5
14,3,11,0
14,3,6,5
14,8,6,0
14,13,0,1
14,4,10,0
14,3,11,0
14,1,12,1
14,3,8,3
14,5,7,2
14,5,6,3
14,3,10,1
14,1,5,8
14,12,2,0
14,8,5,1
14,8,3,3
14,1,11,2
14,8,6,0
14,3,11,0
14,4,10,0
14,2,12,0
14,7,5,2
14,2,0,12
14,4,10,0
14,8,5,1
14,4,10,0
14,1,10,3
14,10,3,1
14,13,1,0
14,6,4,4
14,10,2,2
14,3,11,0
14,13,1,0
14,1,0,13
14,1,3,10
14,8,6,0
14,13,0,1
14,2,11,1
14,2,12,0
14,3,10,1
14,5,9,0
14,10,4,0
14,1,12,1
14,2,12,0
14,9,2,3
14,8,5,1
14,6,8,0
14,9,5,0
14,1,0,13
14,1,0,13
14,2,2,10
14,1,7,6
14,3,8,3
14,10,2,2
14,2,12,0
14,1,13,0
14,1,12,1
14,10,1,3
14,1,10,3
14,3,11,0
14,10,2,2
14,5,1,8
14,3,9,2
14,3,9,2
14,11,3,0
14,9,1,4
14,14,0,0
14,5,0,9
14,1,9,4
14,6,3,5
14,3,11,0
14,1,0,13
14,7,7,0
14,8,4,2
14,8,5,1
14,5,9,0
14,7,6,1
14,2,10,2
14,6,3,5
14,4,7,3
14,8,5,1
14,3,11,0
14,4,10,0
14,7,6,1
14,6,3,5
14,2,10,2
14,1,1,12
14,7,3,4
14,4,8,2
14,1,6,7
14,3,5,6
14,3,7,4
14,3,11,0
14,1,11,2
14,2,12,0
14,5,8,1
14,7,7,0
14,10,1,3
14,3,11,0
14,5,9,0
14,12,1,1
14,3,11,0
14,1,0,13
14,1,12,1
14,3,10,1
14,8,6,0
14,9,4,1
14,6,7,1
14,5,9,0
14,2,12,0
14,2,12,0
14,4,8,2
14,9,2,3
14,3,11,0
14,2,8,4
14,5,3,6
14,7,5,2
14,2,0,12
14,2,10,2
14,1,1,12
14,4,10,0
14,1,2,11
14,4,9,1
14,2,12,0
13,4,7,2
13,1,12,0
13,4,5,4
13,2,11,0
13,10,0,3
13,10,2,1
13,1,0,12
13,11,0,2
13,4,9,0
13,1,0,12
13,10,1,2
13,7,5,1
13,2,11,0
13,8,5,0
13,3,10,0
13,1,0,12
13,11,2,0
13,5,7,1
13,6,7,0
13,5,4,4
13,9,2,2
13,11,0,2
13,12,0,1
13,2,9,2
13,12,0,1
13,8,5,0
13,1,0,12
13,1,0,12
13,1,12,0
13,6,2,5
13,2,10,1
13,4,8,1
13,8,5,0
13,8,3,2
13,2,11,0
13,1,9,3
13,4,6,3
13,1,9,3
13,7,6,0
13,1,0,12
13,10,1,2
13,5,8,0
13,8,0,5
13,2,11,0
13,5,8,0
13,7,4,2
13,1,1,11
13,1,12,0
13,7,4,2
13,13,0,0
13,4,2,7
13,13,0,0
13,5,8,0
13,12,0,1
13,1,12,0
13,3,9,1
13,7,6,0
13,3,9,1
13,4,9,0
13,3,9,1
13,13,0,0
13,2,11,0
13,12,1,0
13,7,3,3
13,1,11,1
13,1,0,12
13,6,5,2
13,8,2,3
13,3,10,0
13,3,7,3
13,8,1,4
13,8,3,2
13,4,3,6
13,2,2,9
13,2,9,2
13,2,11,0
13,4,2,7
13,1,12,0
13,1,2,10
13,1,4,8
13,10,3,0
13,5,7,1
13,4,9,0
13,3,10,0
13,2,9,2
13,2,11,0
13,9,4,0
13,2,11,0
13,4,8,1
13,2,11,0
13,6,7,0
13,2,9,2
13,9,3,1
13,7,6,0
13,4,9,0
13,3,3,7
13,10,1,2
13,6,7,0
13,11,2,0
13,1,0,12
13,1,11,1
13,12,1,0
13,5,4,4
13,9,0,4
13,1,0,12
13,2,8,3
13,7,6,0
13,7,5,1
13,10,2,1
13,4,9,0
13,1,5,7
13,2,10,1
13,7,4,2
13,2,10,1
13,1,12,0
13,2,10,1
13,3,10,0
13,1,5,7
13,6,4,3
13,5,8,0
13,9,3,1
13,10,1,2
13,1,7,5
13,5,7,1
13,2,8,3
13,5,5,3
13,3,10,0
13,5,7,1
13,6,2,5
13,10,3,0
13,10,3,0
13,2,7,4
13,5,8,0
13,13,0,0
13,1,2,10
13,9,4,0
13,1,0,12
13,3,1,9
13,2,11,0
13,9,1,3
13,6,7,0
13,2,6,5
13,9,3,1
13,3,8,2
13,6,5,2
13,4,9,0
13,6,7,0
13,9,1,3
13,8,1,4
13,3,10,0
13,4,9,0
13,9,4,0
13,1,0,12
13,5,5,3
13,4,8,1
13,8,4,1
13,3,9,1
13,11,0,2
13,7,5,1
13,10,1,2
13,13,0,0
13,2,11,0
13,2,6,5
13,8,3,2
13,7,6,0
13,1,1,11
13,3,10,0
13,3,3,7
13,1,7,5
13,11,2,0
13,12,0,1
13,3,10,0
13,9,0,4
13,1,10,2
13,1,12,0
13,10,2,1
13,4,9,0
13,1,12,0
13,6,2,5
13,7,2,4
13,4,3,6
13,1,0,12
13,3,10,0
13,8,5,0
13,4,9,0
13,8,5,0
13,10,1,2
13,1,2,10
13,10,2,1
13,3,10,0
13,3,10,0
13,8,5,0
13,6,7,0
13,7,5,1
13,9,4,0
13,8,5,0
13,3,10,0
13,1,8,4
13,2,1,10
13,7,5,1
13,10,2,1
13,8,3,2
13,3,3,7
13,1,1,11
13,11,0,2
13,7,1,5
13,3,4,6
13,3,10,0
13,4,6,3
13,1,10,2
13,11,0,2
13,8,0,5
13,6,6,1
13,11,2,0
13,4,9,0
13,2,0,11
13,7,5,1
13,6,6,1
13,9,1,3
13,3,7,3
13,11,2,0
13,1,4,8
13,2,11,0
13,3,0,10
13,6,5,2
13,3,8,2
13,2,9,2
13,9,4,0
13,4,8,1
13,2,10,1
13,5,8,0
13,7,4,2
13,5,1,7
13,6,2,5
13,12,1,0
13,12,0,1
13,8,2,3
13,3,10,0
13,8,5,0
13,8,2,3
13,4,9,0
13,2,11,0
13,11,1,1
13,8,4,1
13,3,5,5
13,9,2,2
13,9,1,3
13,1,2,10
13,9,3,1
13,10,1,2
13,7,6,0
13,1,0,12
13,5,4,4
13,6,6,1
13,10,3,0
13,4,8,1
13,6,6,1
13,8,5,0
13,3,10,0
13,1,4,8
13,6,2,5
13,1,1,11
13,2,9,2
13,5,1,7
13,8,3,2
13,2,10,1
13,3,8,2
13,1,9,3
13,2,11,0
13,9,4,0
13,5,4,4
13,2,9,2
13,9,3,1
13,5,8,0
13,2,10,1
13,2,10,1
13,7,6,0
13,4,8,1
13,3,10,0
13,9,1,3
13,2,6,5
13,1,12,0
13,2,11,0
13,1,11,1
13,1,7,5
13,1,6,6
13,3,3,7
13,10,3,0
13,8,4,1
13,3,10,0
13,8,5,0
13,5,8,0
13,1,6,6
13,4,0,9
13,8,4,1
13,3,8,2
13,2,4,7
13,2,10,1
13,5,7,1
13,1,10,2
13,8,5,0
13,6,7,0
13,9,4,0
13,5,7,1
13,7,3,3
13,2,11,0
13,3,5,5
13,4,8,1
13,1,0,12
13,1,12,0
13,1,0,12
13,5,3,5
13,6,3,4
13,6,6,1
13,2,3,8
13,4,7,2
13,2,11,0
13,9,4,0
13,2,6,5
13,6,5,2
13,4,6,3
13,6,5,2
13,3,9,1
13,7,6,0
13,7,1,5
13,3,5,5
13,2,10,1
13,8,5,0
13,2,2,9
13,3,8,2
13,2,11,0
13,2,8,3
13,13,0,0
13,6,7,0
13,3,10,0
13,4,7,2
13,6,6,1
13,1,0,12
13,1,0,12
13,1,11,1
13,1,12,0
13,1,0,12
13,3,10,0
13,11,1,1
13,5,8,0
13,10,3,0
13,1,10,2
13,10,3,0
13,4,9,0
13,3,10,0
13,2,11,0
12,7,2,3
12,6,6,0
12,11,1,0
12,9,0,3
12,5,5,2
12,4,2,6
12,9,3,0
12,9,3,0
12,1,9,2
12,1,7,4
12,2,10,0
12,5,6,1
12,10,1,1
12,10,0,2
12,11,0,1
12,6,4,2
12,1,11,0
12,9,3,0
12,7,5,0
12,3,7,2
12,6,2,4
12,3,7,2
12,7,3,2
12,6,3,3
12,3,6,3
12,3,8,1
12,8,4,0
12,7,4,1
12,1,5,6
12,1,0,11
12,8,0,4
12,10,1,1
12,8,2,2
12,1,0,11
12,11,1,0
12,2,0,10
12,6,4,2
12,5,6,1
12,1,0,11
12,5,1,6
12,2,8,2
12,9,3,0
12,7,1,4
12,4,8,0
12,8,4,0
12,5,4,3
12,8,1,3
12,1,9,2
12,9,1,2
12,1,8,3
12,1,9,2
12,7,5,0
12,1,0,11
12,3,7,2
12,10,2,0
12,3,0,9
12,1,1,10
12,3,6,3
12,1,0,11
12,2,10,0
12,5,7,0
12,1,9,2
12,2,9,1
12,4,2,6
12,1,9,2
12,1,8,3
12,4,8,0
12,9,2,1
12,2,10,0
12,7,4,1
12,3,8,1
12,1,0,11
12,5,7,0
12,9,2,1
12,4,3,5
12,4,8,0
12,7,5,0
12,8,3,1
12,6,6,0
12,1,7,4
12,6,4,2
12,1,4,7
12,5,7,0
12,6,4,2
12,9,1,2
12,5,0,7
12,5,4,3
12,1,11,0
12,3,7,2
12,7,5,0
12,5,5,2
12,10,2,0
12,1,9,2
12,3,8,1
12,5,0,7
12,9,3,0
12,10,1,1
12,1,0,11
12,7,1,4
12,6,5,1
12,9,2,1
12,2,10,0
12,2,10,0
12,9,3,0
12,8,4,0
12,3,9,0
12,2,6,4
12,2,10,0
12,5,2,5
12,1,8,3
12,10,0,2
12,3,8,1
12,6,6,0
12,1,2,9
12,2,6,4
12,1,4,7
12,1,2,9
12,9,1,2
12,9,1,2
12,1,8,3
12,7,5,0
12,1,9,2
12,6,5,1
12,1,2,9
12,1,0,11
12,7,3,2
12,6,6,0
12,6,6,0
12,9,2,1
12,6,6,0
12,3,9,0
12,1,2,9
12,7,4,1
12,1,6,5
12,8,0,4
12,10,2,0
12,4,8,0
12,7,4,1
12,1,10,1
12,8,2,2
12,3,8,1
12,1,11,0
12,5,5,2
12,1,1,10
12,2,9,1
12,5,5,2
12,6,3,3
12,1,3,8
12,11,1,0
12,2,10,0
12,4,8,0
12,2,10,0
12,1,3,8
12,7,5,0
12,3,3,6
12,1,2,9
12,1,0,11
12,8,4,0
12,6,6,0
12,1,2,9
12,1,11,0
12,8,2,2
12,8,4,0
12,3,9,0
12,1,11,0
12,2,10,0
12,12,0,0
12,10,1,1
12,1,0,11
12,4,4,4
12,5,7,0
12,8,2,2
12,1,0,11
12,2,10,0
12,2,9,1
12,1,0,11
12,6,2,4
12,3,4,5
12,1,1,10
12,7,5,0
12,11,1,0
12,6,5,1
12,2,9,1
12,6,6,0
12,2,10,0
12,2,10,0
12,11,0,1
12,5,6,1
12,4,8,0
12,6,4,2
12,3,9,0
12,1,0,11
12,2,4,6
12,7,1,4
12,8,4,0
12,3,8,1
12,7,0,5
12,4,8,0
12,2,7,3
12,7,5,0
12,3,7,2
12,4,2,6
12,3,5,4
12,2,10,0
12,7,5,0
12,2,10,0
12,3,4,5
12,7,2,3
12,1,1,10
12,8,3,1
12,11,1,0
12,5,4,3
12,2,9,1
12,4,1,7
12,9,1,2
12,11,1,0
12,1,11,0
12,4,5,3
12,2,9,1
12,5,7,0
12,3,6,3
12,8,1,3
12,1,0,11
12,10,0,2
12,1,9,2
12,6,5,1
12,12,0,0
12,5,2,5
12,9,3,0
12,4,7,1
12,6,6,0
12,2,10,0
12,10,2,0
12,5,7,0
12,5,5,2
12,2,4,6
12,4,8,0
12,1,6,5
12,4,7,1
12,2,3,7
12,1,0,11
12,8,4,0
12,8,3,1
12,3,3,6
12,9,2,1
12,2,10,0
12,8,3,1
12,1,11,0
12,3,1,8
12,3,4,5
12,12,0,0
12,6,2,4
12,10,2,0
12,3,9,0
12,4,7,1
12,11,0,1
12,1,10,1
12,7,3,2
12,9,2,1
12,4,4,4
12,3,9,0
12,6,6,0
12,4,7,1
12,7,5,0
12,5,3,4
12,5,2,5
12,10,1,1
12,4,3,5
12,3,8,1
12,3,7,2
12,1,0,11
12,11,1,0
12,1,3,8
12,7,5,0
12,1,10,1
12,1,0,11
12,1,4,7
12,10,1,1
12,6,3,3
12,1,0,11
12,5,7,0
12,1,0,11
12,1,0,11
12,9,2,1
12,3,9,0
12,6,5,1
12,3,6,3
12,5,7,0
12,6,5,1
12,7,2,3
12,11,1,0
12,3,4,5
12,2,9,1
12,4,4,4
12,5,2,5
12,4,6,2
12,5,7,0
12,3,2,7
12,4,7,1
12,5,5,2
12,2,5,5
12,8,4,0
12,9,3,0
12,6,5,1
12,6,5,1
12,7,5,0
12,1,9,2
12,1,1,10
12,1,1,10
12,3,8,1
12,5,2,5
12,5,7,0
12,2,10,0
12,1,5,6
12,3,9,0
12,6,6,0
12,3,7,2
12,8,4,0
12,6,6,0
12,7,3,2
12,10,2,0
12,4,7,1
12,1,0,11
12,4,8,0
12,10,1,1
12,3,4,5
12,1,10,1
12,3,6,3
12,1,10,1
12,9,1,2
12,7,3,2
12,3,8,1
12,7,4,1
12,8,4,0
12,2,10,0
12,11,1,0
12,10,2,0
12,12,0,0
12,1,0,11
12,4,8,0
12,5,7,0
12,6,2,4
12,8,4,0
12,5,5,2
12,7,4,1
12,3,7,2
12,8,3,1
12,1,0,11
12,11,1,0
12,3,0,9
12,9,3,0
12,1,3,8
12,6,2,4
12,8,1,3
12,1,11,0
12,7,4,1
12,1,5,6
12,1,0,11
12,1,0,11
12,5,6,1
12,1,4,7
12,3,9,0
12,3,7,2
12,7,5,0
12,5,7,0
12,9,3,0
12,10,0,2
12,12,0,0
12,2,10,0
12,3,9,0
12,8,1,3
12,6,6,0
12,6,6,0
12,5,4,3
12,3,8,1
12,2,10,0
12,2,0,10
12,3,4,5
12,3,0,9
12,6,4,2
12,2,9,1
12,10,2,0
12,3,9,0
12,6,6,0
12,3,9,0
12,4,7,1
12,2,7,3
12,10,1,1
12,5,7,0
12,12,0,0
12,12,0,0
12,4,7,1
12,3,4,5
12,4,5,3
12,3,5,4
12,9,2,1
12,8,4,0
12,4,8,0
12,3,5,4
12,3,9,0
12,5,6,1
12,6,5,1
12,2,7,3
12,4,8,0
12,9,2,1
12,1,0,11
12,9,2,1
12,1,0,11
12,1,1,10
12,2,2,8
12,1,11,0
12,9,3,0
12,5,4,3
12,4,5,3
12,2,10,0
12,1,0,11
12,5,0,7
12,1,2,9
12,8,3,1
12,7,5,0
12,1,1,10
12,8,3,1
12,4,8,0
12,5,1,6
12,5,3,4
12,2,6,4
12,7,2,3
12,1,11,0
12,1,7,4
12,7,3,2
12,1,7,4
12,9,3,0
12,8,4,0
12,2,8,2
12,1,0,11
12,3,9,0
12,2,9,1
12,1,0,11
12,4,6,2
12,8,4,0
12,6,5,1
12,5,7,0
12,5,2,5
11,7,3,1
11,3,8,0
11,2,9,0
11,1,7,3
11,1,8,2
11,1,5,5
11,1,7,3
11,3,7,1
11,10,1,0
11,3,8,0
11,3,8,0
11,5,3,3
11,1,8,2
11,4,3,4
11,3,8,0
11,1,10,0
11,5,4,2
11,4,6,1
11,5,6,0
11,9,1,1
11,7,3,1
11,1,0,10
11,2,0,9
11,6,2,3
11,7,4,0
11,5,5,1
11,9,2,0
11,2,9,0
11,8,2,1
11,9,1,1
11,5,6,0
11,7,4,0
11,4,7,0
11,6,5,0
11,11,0,0
11,4,4,3
11,2,2,7
11,3,7,1
11,6,4,1
11,3,8,0
11,1,10,0
11,5,6,0
11,2,0,9
11,7,1,3
11,4,5,2
11,9,2,0
11,2,9,0
11,1,7,3
11,2,9,0
11,5,6,0
11,11,0,0
11,4,6,1
11,8,3,0
11,7,1,3
11,5,6,0
11,1,0,10
11,8,2,1
11,3,7,1
11,3,2,6
11,7,3,1
11,10,0,1
11,1,8,2
11,5,6,0
11,3,8,0
11,1,0,10
11,1,9,1
11,3,7,1
11,6,5,0
11,3,6,2
11,7,1,3
11,4,7,0
11,6,1,4
11,8,1,2
11,6,5,0
11,2,2,7
11,7,2,2
11,2,9,0
11,8,3,0
11,1,2,8
11,8,0,3
11,3,8,0
11,5,6,0
11,5,6,0
11,3,8,0
11,6,5,0
11,7,4,0
11,1,2,8
11,2,7,2
11,2,4,5
11,11,0,0
11,2,8,1
11,2,6,3
11,8,0,3
11,1,0,10
11,3,8,0
11,6,2,3
11,2,0,9
11,1,4,6
11,6,5,0
11,3,7,1
11,1,7,3
11,4,5,2
11,6,5,0
11,5,5,1
11,1,10,0
11,4,6,1
11,1,10,0
11,5,5,1
11,1,6,4
11,7,4,0
11,3,7,1
11,2,9,0
11,2,7,2
11,11,0,0
11,5,5,1
11,10,1,0
11,5,5,1
11,2,9,0
11,7,0,4
11,2,8,1
11,9,2,0
11,1,0,10
11,8,3,0
11,1,1,9
11,5,5,1
11,1,8,2
11,8,3,0
11,4,7,0
11,1,5,5
11,6,3,2
11,1,0,10
11,3,7,1
11,10,1,0
11,2,9,0
11,5,5,1
11,8,0,3
11,2,3,6
11,7,2,2
11,7,4,0
11,2,9,0
11,4,7,0
11,1,3,7
11,2,9,0
11,7,4,0
11,6,3,2
11,10,0,1
11,5,6,0
11,1,1,9
11,1,2,8
11,1,10,0
11,1,0,10
11,5,3,3
11,7,3,1
11,4,5,2
11,1,1,9
11,7,3,1
11,6,5,0
11,1,7,3
11,10,0,1
11,5,4,2
11,3,8,0
11,8,3,0
11,4,7,0
11,3,8,0
11,1,0,10
11,3,8,0
11,5,6,0
11,1,2,8
11,3,0,8
11,7,0,4
11,6,4,1
11,1,0,10
11,11,0,0
11,1,10,0
11,6,5,0
11,7,3,1
11,9,2,0
11,6,5,0
11,11,0,0
11,5,6,0
11,3,7,1
11,1,0,10
11,1,0,10
11,10,1,0
11,9,2,0
11,2,9,0
11,3,6,2
11,10,1,0
11,10,1,0
11,10,1,0
11,2,6,3
11,4,7,0
11,7,4,0
11,3,7,1
11,9,2,0
11,2,7,2
11,11,0,0
11,4,7,0
11,8,1,2
11,1,1,9
11,7,3,1
11,1,10,0
11,7,2,2
11,5,2,4
11,2,8,1
11,8,3,0
11,9,2,0
11,7,4,0
11,6,5,0
11,3,4,4
11,4,4,3
11,2,8,1
11,7,1,3
11,5,2,4
11,5,6,0
11,3,7,1
11,6,3,2
11,2,6,3
11,2,8,1
11,3,8,0
11,5,6,0
11,2,9,0
11,8,1,2
11,4,5,2
11,8,2,1
11,5,6,0
11,3,0,8
11,6,4,1
11,6,5,0
11,6,5,0
11,7,3,1
11,6,5,0
11,5,3,3
11,1,0,10
11,9,2,0
11,6,3,2
11,1,0,10
11,7,4,0
11,1,3,7
11,2,4,5
11,8,2,1
11,3,8,0
11,1,2,8
11,5,6,0
11,6,4,1
11,10,1,0
11,4,7,0
11,1,1,9
11,2,9,0
11,1,1,9
11,5,2,4
11,7,3,1
11,11,0,0
11,6,5,0
11,7,3,1
11,1,1,9
11,8,1,2
11,5,1,5
11,5,6,0
11,3,4,4
11,8,3,0
11,7,1,3
11,3,7,1
11,1,10,0
11,4,7,0
11,1,10,0
11,3,5,3
11,8,3,0
11,9,2,0
11,1,9,1
11,4,7,0
11,1,0,10
11,5,4,2
11,5,6,0
11,6,2,3
11,4,2,5
11,2,9,0
11,1,10,0
11,7,2,2
11,1,5,5
11,4,7,0
11,8,2,1
11,7,1,3
11,3,8,0
11,2,1,8
11,3,8,0
11,4,7,0
11,4,6,1
11,3,8,0
11,7,2,2
11,8,2,1
11,8,3,0
11,2,7,2
11,1,10,0
11,2,9,0
11,3,7,1
11,5,4,2
11,7,0,4
11,3,8,0
11,1,0,10
11,10,1,0
11,1,0,10
11,9,0,2
11,1,3,7
11,3,0,8
11,3,8,0
11,4,5,2
11,3,5,3
11,2,9,0
11,8,3,0
11,6,0,5
11,2,9,0
11,6,4,1
11,3,5,3
11,7,4,0
11,7,4,0
11,1,7,3
11,3,4,4
11,2,8,1
11,9,2,0
11,3,7,1
11,4,7,0
11,6,1,4
11,10,1,0
11,1,2,8
11,9,2,0
11,10,1,0
11,2,6,3
11,7,4,0
11,2,9,0
11,4,6,1
11,5,4,2
11,4,6,1
11,8,1,2
11,2,7,2
11,1,3,7
11,5,6,0
11,9,2,0
11,5,5,1
11,9,2,0
11,3,2,6
11,4,7,0
11,1,9,1
11,5,1,5
11,5,6,0
11,2,9,0
11,11,0,0
11,7,4,0
11,1,0,10
11,4,7,0
11,6,3,2
11,6,5,0
11,2,7,2
11,3,8,0
11,1,0,10
11,1,7,3
11,8,2,1
11,2,9,0
11,5,6,0
11,1,7,3
11,10,0,1
11,2,9,0
11,2,9,0
11,1,0,10
11,7,1,3
11,4,0,7
11,9,1,1
11,2,9,0
11,3,4,4
11,5,6,0
11,5,1,5
11,2,9,0
11,2,7,2
11,6,4,1
11,3,4,4
11,10,1,0
11,1,0,10
11,1,10,0
11,4,7,0
11,1,10,0
11,8,3,0
11,4,7,0
11,1,10,0
11,10,0,1
11,5,6,0
11,4,7,0
11,1,9,1
11,6,2,3
11,1,10,0
11,2,9,0
11,1,10,0
11,7,4,0
11,1,0,10
11,7,3,1
11,3,8,0
11,7,4,0
11,8,2,1
11,1,4,6
11,1,6,4
11,5,6,0
11,4,7,0
11,6,3,2
11,4,7,0
11,4,5,2
11,6,5,0
11,9,0,2
11,4,7,0
11,4,5,2
11,1,10,0
11,3,2,6
11,8,2,1
11,4,5,2
11,1,1,9
11,5,5,1
11,9,2,0
11,5,6,0
11,4,2,5
11,4,7,0
11,9,0,2
11,7,4,0
11,10,0,1
11,6,2,3
11,3,8,0
11,10,0,1
11,9,1,1
11,1,0,10
11,6,5,0
11,4,7,0
11,2,9,0
11,5,6,0
11,7,3,1
11,1,0,10
11,11,0,0
11,11,0,0
11,10,1,0
11,1,1,9
11,4,6,1
11,9,1,1
11,4,6,1
11,2,8,1
11,2,7,2
11,7,4,0
11,1,0,10
11,4,6,1
11,3,5,3
11,1,10,0
11,1,2,8
11,9,2,0
11,1,6,4
11,4,7,0
11,6,2,3
11,5,4,2
11,6,3,2
11,1,8,2
11,6,3,2
11,5,6,0
11,1,9,1
11,1,7,3
11,3,3,5
11,8,3,0
11,10,0,1
11,8,1,2
11,4,6,1
11,6,4,1
11,1,5,5
11,1,0,10
11,1,7,3
11,1,7,3
11,7,2,2
11,9,2,0
11,1,8,2
11,9,2,0
11,8,2,1
11,2,5,4
11,4,5,2
10,2,8,0
10,2,5,3
10,10,0,0
10,1,0,9
10,2,5,3
10,1,8,1
10,1,9,0
10,5,5,0
10,1,8,1
10,5,4,1
10,6,4,0
10,4,6,0
10,2,8,0
10,1,7,2
10,1,6,3
10,1,8,1
10,1,0,9
10,4,5,1
10,9,1,0
10,8,1,1
10,1,3,6
10,2,8,0
10,2,5,3
10,5,2,3
10,5,5,0
10,7,3,0
10,7,3,0
10,1,8,1
10,9,1,0
10,8,2,0
10,2,4,4
10,9,1,0
10,9,1,0
10,4,0,6
10,10,0,0
10,1,7,2
10,1,8,1
10,1,2,7
10,1,2,7
10,7,3,0
10,3,7,0
10,1,0,9
10,4,4,2
10,1,9,0
10,3,6,1
10,5,5,0
10,7,2,1
10,6,3,1
10,4,6,0
10,1,6,3
10,3,1,6
10,7,3,0
10,2,4,4
10,1,0,9
10,5,5,0
10,1,9,0
10,1,9,0
10,2,8,0
10,2,6,2
10,1,9,0
10,2,6,2
10,2,3,5
10,3,7,0
10,1,9,0
10,2,8,0
10,1,0,9
10,1,9,0
10,4,6,0
10,3,7,0
10,2,3,5
10,4,6,0
10,5,5,0
10,6,4,0
10,4,4,2
10,5,5,0
10,6,1,3
10,1,1,8
10,1,8,1
10,5,4,1
10,5,5,0
10,5,5,0
10,3,7,0
10,8,1,1
10,8,1,1
10,1,0,9
10,2,8,0
10,2,8,0
10,1,6,3
10,5,5,0
10,1,0,9
10,2,8,0
10,1,0,9
10,8,0,2
10,7,3,0
10,1,1,8
10,8,2,0
10,1,2,7
10,1,4,5
10,3,7,0
10,7,3,0
10,2,2,6
10,4,6,0
10,6,2,2
10,1,0,9
10,2,7,1
10,1,0,9
10,4,6,0
10,2,0,8
10,5,4,1
10,3,7,0
10,1,0,9
10,7,1,2
10,4,4,2
10,7,3,0
10,4,4,2
10,6,2,2
10,3,6,1
10,4,4,2
10,6,3,1
10,4,3,3
10,4,6,0
10,3,3,4
10,4,0,6
10,5,2,3
10,6,3,1
10,6,2,2
10,5,5,0
10,7,2,1
10,2,8,0
10,4,6,0
10,4,1,5
10,5,5,0
10,4,6,0
10,8,1,1
10,1,8,1
10,3,6,1
10,3,5,2
10,6,4,0
10,4,3,3
10,1,7,2
10,5,5,0
10,1,4,5
10,1,9,0
10,3,7,0
10,1,0,9
10,6,2,2
10,3,7,0
10,1,8,1
10,3,7,0
10,2,4,4
10,8,1,1
10,1,0,9
10,6,4,0
10,6,2,2
10,1,7,2
10,3,7,0
10,1,2,7
10,1,4,5
10,3,7,0
10,9,1,0
10,6,4,0
10,1,8,1
10,1,8,1
10,6,4,0
10,1,0,9
10,5,4,1
10,1,9,0
10,5,4,1
10,4,6,0
10,6,4,0
10,6,2,2
10,2,1,7
10,7,1,2
10,5,5,0
10,10,0,0
10,6,3,1
10,3,6,1
10,2,8,0
10,7,2,1
10,1,3,6
10,3,7,0
10,6,3,1
10,1,7,2
10,7,3,0
10,7,2,1
10,8,1,1
10,4,6,0
10,1,9,0
10,5,5,0
10,5,5,0
10,2,8,0
10,1,1,8
10,5,2,3
10,1,0,9
10,1,7,2
10,6,4,0
10,8,2,0
10,5,5,0
10,5,5,0
10,4,6,0
10,6,3,1
10,6,3,1
10,10,0,0
10,7,3,0
10,6,0,4
10,6,3,1
10,8,2,0
10,7,3,0
10,6,0,4
10,4,6,0
10,5,3,2
10,2,8,0
10,7,3,0
10,1,9,0
10,1,1,8
10,8,2,0
10,5,5,0
10,1,0,9
10,4,6,0
10,1,1,8
10,2,8,0
10,5,3,2
10,7,3,0
10,5,1,4
10,6,3,1
10,7,3,0
10,8,0,2
10,2,7,1
10,6,4,0
10,3,7,0
10,3,7,0
10,4,4,2
10,6,0,4
10,1,0,9
10,8,1,1
10,2,1,7
10,9,1,0
10,5,5,0
10,8,2,0
10,1,1,8
10,3,6,1
10,1,0,9
10,9,1,0
10,1,9,0
10,2,8,0
10,4,6,0
10,2,2,6
10,1,9,0
10,6,1,3
10,1,0,9
10,9,1,0
10,8,2,0
10,1,0,9
10,1,0,9
10,6,3,1
10,1,1,8
10,3,5,2
10,3,7,0
10,5,5,0
10,6,4,0
10,3,7,0
10,6,3,1
10,1,0,9
10,1,0,9
10,1,0,9
10,4,6,0
10,2,8,0
10,8,2,0
10,2,8,0
10,2,8,0
10,2,6,2
10,3,7,0
10,5,1,4
10,6,4,0
10,4,6,0
10,10,0,0
10,3,5,2
10,7,3,0
10,8,2,0
10,4,2,4
10,5,2,3
10,5,3,2
10,4,2,4
10,2,4,4
10,4,6,0
10,4,5,1
10,8,0,2
10,5,5,0
10,6,4,0
10,2,8,0
10,1,9,0
10,1,9,0
10,7,3,0
10,4,6,0
10,3,6,1
10,10,0,0
10,1,7,2
10,6,4,0
10,8,2,0
10,8,2,0
10,1,0,9
10,4,6,0
10,8,2,0
10,1,0,9
10,5,5,0
10,2,1,7
10,7,3,0
10,1,9,0
10,1,9,0
10,4,3,3
10,1,9,0
10,6,4,0
10,3,0,7
10,3,7,0
10,4,6,0
10,4,5,1
10,2,6,2
10,1,9,0
10,4,3,3
10,1,2,7
10,4,5,1
10,5,0,5
10,8,2,0
10,5,5,0
10,1,9,0
10,1,8,1
10,1,0,9
10,3,7,0
10,4,4,2
10,5,4,1
10,1,4,5
10,7,3,0
10,3,6,1
10,8,2,0
10,3,7,0
10,7,3,0
10,7,3,0
10,1,9,0
10,7,3,0
10,3,2,5
10,5,3,2
10,2,8,0
10,7,2,1
10,3,7,0
10,5,5,0
10,8,1,1
10,7,3,0
10,1,0,9
10,1,0,9
10,5,3,2
10,2,6,2
10,1,1,8
10,7,3,0
10,4,1,5
10,1,3,6
10,5,4,1
10,1,9,0
10,5,1,4
10,5,2,3
10,2,7,1
10,1,0,9
10,2,8,0
10,4,6,0
10,5,2,3
10,6,4,0
10,6,4,0
10,7,3,0
10,8,1,1
10,1,9,0
10,3,6,1
10,3,7,0
10,1,8,1
10,6,3,1
10,1,9,0
10,5,2,3
10,3,7,0
10,3,7,0
10,2,8,0
10,3,7,0
10,10,0,0
10,6,2,2
10,5,5,0
10,4,5,1
10,7,2,1
10,6,4,0
10,2,7,1
10,1,6,3
10,1,8,1
10,6,4,0
10,6,4,0
10,4,6,0
10,1,6,3
10,8,2,0
10,1,1,8
10,2,6,2
10,8,2,0
10,2,5,3
10,4,5,1
10,3,6,1
10,1,8,1
10,1,9,0
10,6,3,1
10,2,7,1
10,1,4,5
10,5,4,1
10,3,6,1
10,6,4,0
10,6,3,1
10,3,7,0
10,5,3,2
10,5,2,3
10,4,5,1
10,7,3,0
10,3,5,2
10,9,1,0
10,2,8,0
10,3,6,1
10,1,0,9
10,4,6,0
10,6,2,2
10,2,8,0
10,1,0,9
10,7,1,2
10,2,8,0
10,5,5,0
10,6,4,0
10,6,4,0
10,5,1,4
10,3,6,1
10,3,2,5
10,7,2,1
10,1,0,9
10,5,3,2
10,1,9,0
10,5,2,3
10,1,9,0
10,6,4,0
10,1,1,8
10,7,2,1
10,6,2,2
10,1,3,6
10,6,2,2
10,1,9,0
10,3,7,0
10,4,6,0
10,2,1,7
10,5,4,1
10,1,0,9
10,3,2,5
10,1,9,0
10,6,4,0
10,10,0,0
10,2,5,3
10,2,8,0
10,1,7,2
10,3,6,1
10,6,2,2
10,7,3,0
10,5,5,0
10,5,2,3
10,1,1,8
10,3,7,0
10,9,0,1
10,4,4,2
10,1,2,7
10,1,0,9
10,3,5,2
10,8,2,0
10,8,2,0
10,3,7,0
10,4,6,0
10,8,0,2
10,7,3,0
10,8,0,2
10,1,0,9
10,5,5,0
10,3,7,0
10,8,2,0
10,7,0,3
10,4,4,2
10,1,9,0
10,3,6,1
10,1,0,9
10,1,8,1
10,2,8,0
10,2,8,0
10,3,5,2
10,1,8,1
10,1,9,0
10,10,0,0
10,2,5,3
10,10,0,0
10,2,8,0
10,8,2,0
10,1,9,0
10,2,7,1
10,7,3,0
10,10,0,0
10,8,1,1
10,8,2,0
10,10,0,0
10,2,7,1
10,8,2,0
10,5,5,0
10,1,1,8
10,10,0,0
10,5,3,2
10,8,1,1
10,1,9,0
10,5,5,0
10,9,1,0
10,2,8,0
10,7,2,1
10,4,1,5
10,7,3,0
10,9,1,0
10,6,3,1
10,8,2,0
10,7,2,1
10,1,9,0
10,2,8,0
10,4,6,0
10,3,6,1
10,7,0,3
10,3,7,0
10,2,6,2
10,3,7,0
10,6,3,1
10,1,0,9
10,1,8,1
10,6,3,1
10,2,8,0
10,8,0,2
10,5,5,0
10,6,3,1
10,5,2,3
10,3,6,1
10,5,5,0
10,2,7,1
10,4,6,0
10,6,4,0
10,2,2,6
10,1,0,9
10,2,6,2
10,2,1,7
10,3,5,2
10,3,0,7
10,1,9,0
10,2,3,5
10,2,5,3
10,2,3,5
10,8,2,0
10,1,0,9
10,4,5,1
10,5,4,1
10,3,2,5
10,7,3,0
10,7,2,1
10,3,7,0
10,1,7,2
10,4,6,0
10,9,1,0
10,9,1,0
10,4,6,0
10,3,7,0
10,2,8,0
10,2,5,3
10,2,8,0
10,1,2,7
10,4,5,1
10,3,7,0
10,2,6,2
10,8,2,0
10,9,0,1
10,1,3,6
10,1,0,9
10,1,6,3
10,8,1,1
10,3,7,0
10,1,8,1
10,5,5,0
10,3,7,0
10,7,2,1
10,1,0,9
10,4,6,0
10,1,8,1
10,9,1,0
10,4,1,5
10,9,1,0
10,6,4,0
10,1,9,0
10,5,5,0
10,6,4,0
10,1,9,0
10,3,4,3
10,3,7,0
10,4,6,0
10,1,9,0
10,3,5,2
10,6,3,1
10,1,0,9
10,6,3,1
10,9,1,0
